1	1	16.09.2007	17:00	ZOTZ1	TVGG1	DA-ZOTZ1	
1	2	16.09.2007	19:00	WAST1	SKGR2	DA-WAST1	
1	3	16.09.2007	13:00	TVLA3	TVHP2	DA-TVLA2	
1	4	15.09.2007	16:00	SCCP1	SGWE2	DA-SCCP1	
1	5	16.09.2007	14:00	BCWI2	TGRS1	DA-BCWI1	
2	6	23.09.2007	18:00	SGWE2	TVLA3	DA-SGWE1	
2	7	22.09.2007	12:00	TVHP2	WAST1	DA-TVHP1	
2	8	23.09.2007	12:00	SKGR2	BCWI2	DA-SKGR1	
2	9	23.09.2007	13:00	TGRS1	ZOTZ1	DA-TGRS1	
2	10	22.09.2007	16:00	TVGG1	SCCP1	DA-TVGG1	
3	11	10.02.2008	17:00	ZOTZ1	SCCP1	DA-ZOTZ1	
3	12	30.09.2007	19:00	WAST1	SGWE2	DA-WAST1	
3	13	30.09.2007	13:00	TVLA3	TVGG1	DA-TVLA2	
3	14	30.09.2007	16:00	TGRS1	SKGR2	DA-TGRS1	
3	15	30.09.2007	12:00	BCWI2	TVHP2	DA-BCWI1	
4	16	07.10.2007	16:00	SGWE2	BCWI2	DA-SGWE1	
4	17	06.10.2007	14:00	TVHP2	TGRS1	DA-TVHP1	
4	18	06.10.2007	16:00	SKGR2	ZOTZ1	DA-SKGR2	
4	19	06.10.2007	16:00	SCCP1	TVLA3	DA-SCCP1	
4	20	06.10.2007	16:00	TVGG1	WAST1	DA-TVGG1	
5	21	21.10.2007	17:00	ZOTZ1	TVLA3	DA-ZOTZ2	
5	22	21.10.2007	19:00	WAST1	SCCP1	DA-WAST1	
5	23	20.10.2007	12:00	SKGR2	TVHP2	DA-SKGR1	
5	24	21.10.2007	13:00	TGRS1	SGWE2	DA-TGRS1	
5	25	21.10.2007	14:00	BCWI2	TVGG1	DA-BCWI1	
6	26	28.10.2007	12:00	SGWE2	SKGR2	DA-SGWE2	
6	27	27.10.2007	12:00	TVHP2	ZOTZ1	DA-TVHP1	
6	28	28.10.2007	13:00	TVLA3	WAST1	DA-TVLA2	
6	29	27.10.2007	18:00	SCCP1	BCWI2	DA-SCCP1	
6	30	27.10.2007	16:00	TVGG1	TGRS1	DA-TVGG1	
7	31	04.11.2007	19:00	ZOTZ1	WAST1	DA-ZOTZ2	
7	32	03.11.2007	14:00	TVHP2	SGWE2	DA-TVHP1	
7	33	03.11.2007	16:00	SKGR2	TVGG1	DA-SKGR2	
7	34	04.11.2007	17:00	TGRS1	SCCP1	DA-TGRS1	
7	35	04.11.2007	10:00	BCWI2	TVLA3	DA-BCWI1	
8	36	11.11.2007	17:00	ZOTZ1	SGWE2	DA-ZOTZ1	
8	37	25.11.2007	18:00	WAST1	BCWI2	DA-WAST1	
8	38	11.11.2007	13:00	TVLA3	TGRS1	DA-TVLA2	
8	39	10.11.2007	16:00	SCCP1	SKGR2	DA-SCCP1	
8	40	10.11.2007	16:00	TVGG1	TVHP2	DA-TVGG1	
9	41	17.11.2007	16:00	SGWE2	TVGG1	DA-SGWE1	
9	42	17.11.2007	14:00	TVHP2	SCCP1	DA-TVHP1	
9	43	17.11.2007	18:00	SKGR2	TVLA3	DA-SKGR2	
9	44	18.11.2007	15:00	TGRS1	WAST1	DA-TGRS1	
9	45	18.11.2007	12:00	BCWI2	ZOTZ1	DA-BCWI1	
10	46	01.12.2007	16:00	TVGG1	ZOTZ1	DA-TVGG1	
10	47	01.12.2007	16:00	SKGR2	WAST1	DA-SKGR2	
10	48	01.12.2007	12:00	TVHP2	TVLA3	DA-TVHP1	
10	49	02.12.2007	14:00	SGWE2	SCCP1	DA-SGWE1	
10	50	02.12.2007	15:00	TGRS1	BCWI2	DA-TGRS1	
11	51	09.12.2007	13:00	TVLA3	SGWE2	DA-TVLA2	
11	52	09.12.2007	19:00	WAST1	TVHP2	DA-WAST1	
11	53	09.12.2007	12:00	BCWI2	SKGR2	DA-BCWI1	
11	54	25.11.2007	17:00	ZOTZ1	TGRS1	DA-ZOTZ1	
11	55	09.12.2007	10:30	SCCP1	TVGG1	DA-SCCP1	
12	56	15.12.2007	20:00	SCCP1	ZOTZ1	DA-SCCP1	
12	57	15.12.2007	18:00	SGWE2	WAST1	DA-SGWE1	
12	58	15.12.2007	16:00	TVGG1	TVLA3	DA-TVGG1	
12	59	15.12.2007	18:00	SKGR2	TGRS1	DA-SKGR2	
12	60	15.12.2007	14:00	TVHP2	BCWI2	DA-TVHP1	
13	61	20.01.2008	12:00	BCWI2	SGWE2	DA-BCWI1	
13	62	20.01.2008	16:30	TGRS1	TVHP2	DA-TGRS1	
13	63	13.01.2008	17:00	ZOTZ1	SKGR2	DA-ZOTZ1	
13	64	20.01.2008	13:00	TVLA3	SCCP1	DA-TVLA2	
13	65	13.01.2008	19:30	WAST1	TVGG1	DA-WAST1	
14	66	27.01.2008	13:00	TVLA3	ZOTZ1	DA-TVLA2	
14	67	26.01.2008	16:00	SCCP1	WAST1	DA-SCCP1	
14	68	26.01.2008	14:00	TVHP2	SKGR2	DA-TVHP1	
14	69	27.01.2008	16:00	SGWE2	TGRS1	DA-SGWE1	
14	70	26.01.2008	16:00	TVGG1	BCWI2	DA-TVGG1	
15	71	16.02.2008	12:00	SKGR2	SGWE2	DA-SKGR1	
15	72	17.02.2008	17:00	ZOTZ1	TVHP2	DA-ZOTZ1	
15	73	17.02.2008	19:00	WAST1	TVLA3	DA-WAST1	
15	74	16.02.2008	16:30	BCWI2	SCCP1	DA-BCWI1	
15	75	17.02.2008	13:00	TGRS1	TVGG1	DA-TGRS1	
16	76	24.02.2008	19:00	WAST1	ZOTZ1	DA-WAST1	
16	77	24.02.2008	16:00	SGWE2	TVHP2	DA-SGWE1	
16	78	23.02.2008	16:00	TVGG1	SKGR2	DA-TVGG1	
16	79	23.02.2008	16:00	SCCP1	TGRS1	DA-SCCP1	
16	80	24.02.2008	13:00	TVLA3	BCWI2	DA-TVLA2	
17	81	09.03.2008	14:00	SGWE2	ZOTZ1	DA-SGWE1	
17	82	09.03.2008	12:00	BCWI2	WAST1	DA-BCWI1	
17	83	09.03.2008	15:00	TGRS1	TVLA3	DA-TGRS1	
17	84	08.03.2008	16:00	SKGR2	SCCP1	DA-SKGR2	
17	85	08.03.2008	14:00	TVHP2	TVGG1	DA-TVHP1	
18	86	15.03.2008	16:00	TVGG1	SGWE2	DA-TVGG1	
18	87	15.03.2008	16:00	SCCP1	TVHP2	DA-SCCP1	
18	88	16.03.2008	13:00	TVLA3	SKGR2	DA-TVLA2	
18	89	16.03.2008	19:00	WAST1	TGRS1	DA-WAST1	
18	90	15.03.2008	16:00	ZOTZ1	BCWI2	DA-ZOTZ1	
