1	1	16.09.2007	15:00	BABH1	GEIS1	DA-BABH1	
1	3	15.09.2007	14:00	BGOR1	BERG1	DA-BGOR1	
1	4	15.09.2007	14:00	BENS1	DRHN2	DA-BENS1	
1	5	15.09.2007	17:30	GERN1	SVDA1	DA-GERN1	
2	6	23.09.2007	12:00	DRHN2	BGOR1	DA-DRHN1	
2	8	25.11.2007	13:00	ZOTZ2	GERN1	DA-ZOTZ1	
2	9	22.09.2007	17:00	SVDA1	BABH1	DA-SVDA1	
2	10	22.09.2007	17:00	GEIS1	BENS1	DA-GEIS1	
3	11	30.09.2007	15:00	BABH1	BENS1	DA-BABH1	
3	13	30.09.2007	18:00	BGOR1	GEIS1	DA-BGOR1	
3	14	29.09.2007	17:00	SVDA1	ZOTZ2	DA-SVDA1	
3	15	29.09.2007	17:30	GERN1	BERG1	DA-GERN1	
4	16	07.10.2007	12:00	DRHN2	GERN1	DA-DRHN1	
4	17	06.10.2007	16:00	BERG1	SVDA1	DA-BERG1	
4	18	06.10.2007	14:00	ZOTZ2	BABH1	DA-ZOTZ1	
4	19	06.10.2007	18:00	BENS1	BGOR1	DA-BENS1	
5	21	21.10.2007	15:00	BABH1	BGOR1	DA-BABH1	
5	23	21.10.2007	13:00	ZOTZ2	BERG1	DA-ZOTZ2	
5	24	20.10.2007	17:00	SVDA1	DRHN2	DA-SVDA1	
5	25	20.10.2007	10:00	GERN1	GEIS1	DA-GERN1	
6	26	28.10.2007	12:00	DRHN2	ZOTZ2	DA-DRHN1	
6	27	27.10.2007	14:00	BERG1	BABH1	DA-BERG2	
6	29	27.10.2007	18:00	BENS1	GERN1	DA-BENS1	
6	30	27.10.2007	17:00	GEIS1	SVDA1	DA-GEIS1	
7	32	03.11.2007	12:00	BERG1	DRHN2	DA-BERG1	
7	33	04.11.2007	15:00	ZOTZ2	GEIS1	DA-ZOTZ2	
7	34	03.11.2007	17:00	SVDA1	BENS1	DA-SVDA1	
7	35	03.11.2007	19:30	GERN1	BGOR1	DA-GERN1	
8	36	25.11.2007	15:00	BABH1	DRHN2	DA-BABH1	
8	38	11.11.2007	17:00	BGOR1	SVDA1	DA-BGOR1	
8	39	10.11.2007	16:00	BENS1	ZOTZ2	DA-BENS1	
8	40	10.11.2007	17:00	GEIS1	BERG1	DA-GEIS1	
9	41	18.11.2007	12:00	DRHN2	GEIS1	DA-DRHN1	
9	42	18.11.2007	18:00	BERG1	BENS1	DA-BERG2	
9	43	18.11.2007	13:00	ZOTZ2	BGOR1	DA-ZOTZ1	
9	45	17.11.2007	19:00	GERN1	BABH1	DA-GERN1	
10	46	01.12.2007	17:00	GEIS1	BABH1	DA-GEIS1	
10	48	01.12.2007	14:00	BERG1	BGOR1	DA-BERG1	
10	49	02.12.2007	14:00	DRHN2	BENS1	DA-DRHN1	
10	50	01.12.2007	17:00	SVDA1	GERN1	DA-SVDA1	
11	51	08.12.2007	20:00	BGOR1	DRHN2	DA-BGOR1	
11	53	08.12.2007	20:30	GERN1	ZOTZ2	DA-GERN1	
11	54	09.12.2007	15:00	BABH1	SVDA1	DA-BABH1	
11	55	08.12.2007	18:00	BENS1	GEIS1	DA-BENS1	
12	56	16.12.2007	16:00	BENS1	BABH1	DA-BENS2	
12	58	15.12.2007	17:00	GEIS1	BGOR1	DA-GEIS1	
12	59	16.12.2007	13:00	ZOTZ2	SVDA1	DA-ZOTZ2	
12	60	15.12.2007	18:00	BERG1	GERN1	DA-BERG1	
13	61	19.01.2008	16:00	GERN1	DRHN2	DA-GERN1	
13	62	19.01.2008	17:00	SVDA1	BERG1	DA-SVDA1	
13	63	20.01.2008	15:00	BABH1	ZOTZ2	DA-BABH1	
13	64	20.01.2008	20:00	BGOR1	BENS1	DA-BGOR1	
14	66	27.01.2008	15:00	BGOR1	BABH1	DA-BGOR1	
14	68	27.01.2008	18:00	BERG1	ZOTZ2	DA-BERG2	
14	69	27.01.2008	12:00	DRHN2	SVDA1	DA-DRHN1	
14	70	26.01.2008	17:00	GEIS1	GERN1	DA-GEIS1	
15	71	17.02.2008	13:00	ZOTZ2	DRHN2	DA-ZOTZ1	
15	72	17.02.2008	19:00	BABH1	BERG1	DA-BABH1	
15	74	17.02.2008	17:00	GERN1	BENS1	DA-GERN1	
15	75	16.02.2008	17:00	SVDA1	GEIS1	DA-SVDA1	
16	77	24.02.2008	12:00	DRHN2	BERG1	DA-DRHN1	
16	78	23.02.2008	17:00	GEIS1	ZOTZ2	DA-GEIS1	
16	79	23.02.2008	14:00	BENS1	SVDA1	DA-BENS1	
16	80	23.02.2008	16:00	BGOR1	GERN1	DA-BGOR1	
17	81	09.03.2008	12:00	DRHN2	BABH1	DA-DRHN1	
17	83	08.03.2008	17:00	SVDA1	BGOR1	DA-SVDA1	
17	84	09.03.2008	15:00	ZOTZ2	BENS1	DA-ZOTZ1	
17	85	09.03.2008	11:00	BERG1	GEIS1	DA-BERG2	
18	86	15.03.2008	17:00	GEIS1	DRHN2	DA-GEIS1	
18	87	15.03.2008	18:00	BENS1	BERG1	DA-BENS1	
18	88	15.03.2008	14:00	BGOR1	ZOTZ2	DA-BGOR1	
18	90	16.03.2008	15:00	BABH1	GERN1	DA-BABH1	
