1	1	15.09.2007	16:00	SWAB2	BCDA3	DA-SWAB1	
1	2	16.09.2007	16:00	EBER1	TVLA5	DA-EBER1	
1	3	16.09.2007	16:00	SKGR3	TVHP2	DA-SKGR2	
1	4	15.09.2007	17:00	SVDA2	SGWE3	DA-SVDA1	
1	5	15.09.2007	10:00	TREB1	TGRS1	DA-TREB1	
2	6	23.09.2007	20:00	SGWE3	SKGR3	DA-SGWE1	
2	7	22.09.2007	10:00	TVHP2	EBER1	DA-TVHP1	
2	8	22.09.2007	18:00	TVLA5	TREB1	DA-TVLA2	
2	9	23.09.2007	15:00	TGRS1	SWAB2	DA-TGRS1	
2	10	23.09.2007	12:00	BCDA3	SVDA2	DA-BCDA1	
3	11	29.09.2007	16:00	SWAB2	SVDA2	DA-SWAB1	
3	12	30.09.2007	16:00	EBER1	SGWE3	DA-EBER1	
3	13	25.09.2007	20:30	SKGR3	BCDA3	DA-SKGR3	
3	14	30.09.2007	14:00	TGRS1	TVLA5	DA-TGRS1	
3	15	29.09.2007	19:00	TREB1	TVHP2	DA-TREB1	
4	16	07.10.2007	18:00	SGWE3	TREB1	DA-SGWE1	
4	17	06.10.2007	12:00	TVHP2	TGRS1	DA-TVHP1	
4	18	06.10.2007	18:00	TVLA5	SWAB2	DA-TVLA2	
4	19	06.10.2007	17:00	SVDA2	SKGR3	DA-SVDA1	
4	20	06.10.2007	15:00	BCDA3	EBER1	DA-BCDA1	
5	21	20.10.2007	16:00	SWAB2	SKGR3	DA-SWAB1	
5	22	21.10.2007	14:00	EBER1	SVDA2	DA-EBER1	
5	23	20.10.2007	18:00	TVLA5	TVHP2	DA-TVLA2	
5	24	21.10.2007	15:00	TGRS1	SGWE3	DA-TGRS1	
5	25	20.10.2007	20:00	TREB1	BCDA3	DA-TREB1	
6	26	28.10.2007	14:00	SGWE3	TVLA5	DA-SGWE2	
6	27	27.10.2007	10:00	TVHP2	SWAB2	DA-TVHP1	
6	28	27.10.2007	20:00	SKGR3	EBER1	DA-SKGR1	
6	29	27.10.2007	17:00	SVDA2	TREB1	DA-SVDA1	
6	30	28.10.2007	12:00	BCDA3	TGRS1	DA-BCDA1	
7	31	03.11.2007	16:00	SWAB2	EBER1	DA-SWAB1	
7	32	09.02.2008	18:00	TVHP2	SGWE3	DA-TVHP1	
7	33	03.11.2007	18:00	TVLA5	BCDA3	DA-TVLA2	
7	34	04.11.2007	13:00	TGRS1	SVDA2	DA-TGRS1	
7	35	03.11.2007	18:00	TREB1	SKGR3	DA-TREB1	
8	36	10.11.2007	16:00	SWAB2	SGWE3	DA-SWAB1	
8	37	11.11.2007	16:00	EBER1	TREB1	DA-EBER1	
8	38	11.11.2007	16:30	SKGR3	TGRS1	DA-SKGR1	
8	39	10.11.2007	17:00	SVDA2	TVLA5	DA-SVDA1	
8	40	11.11.2007	12:00	BCDA3	TVHP2	DA-BCDA1	
9	41	17.11.2007	18:00	SGWE3	BCDA3	DA-SGWE1	
9	42	24.11.2007	20:00	TVHP2	SVDA2	DA-TVHP1	
9	43	17.11.2007	18:00	TVLA5	SKGR3	DA-TVLA2	
9	44	18.11.2007	13:00	TGRS1	EBER1	DA-TGRS1	
9	45	17.11.2007	20:30	TREB1	SWAB2	DA-TREB1	
10	46	02.12.2007	12:00	BCDA3	SWAB2	DA-BCDA1	
10	47	01.12.2007	18:00	TVLA5	EBER1	DA-TVLA2	
10	48	01.12.2007	10:00	TVHP2	SKGR3	DA-TVHP1	
10	49	02.12.2007	16:00	SGWE3	SVDA2	DA-SGWE1	
10	50	02.12.2007	17:00	TGRS1	TREB1	DA-TGRS1	
11	51	08.12.2007	18:00	SKGR3	SGWE3	DA-SKGR1	
11	52	09.12.2007	16:00	EBER1	TVHP2	DA-EBER1	
11	53	08.12.2007	10:30	TREB1	TVLA5	DA-TREB1	
11	54	08.12.2007	16:00	SWAB2	TGRS1	DA-SWAB1	
11	55	08.12.2007	17:00	SVDA2	BCDA3	DA-SVDA1	
12	56	15.12.2007	17:00	SVDA2	SWAB2	DA-SVDA1	
12	57	15.12.2007	20:00	SGWE3	EBER1	DA-SGWE1	
12	58	15.12.2007	17:00	BCDA3	SKGR3	DA-BCDA1	
12	59	15.12.2007	18:00	TVLA5	TGRS1	DA-TVLA2	
12	60	15.12.2007	20:00	TVHP2	TREB1	DA-TVHP1	
13	61	20.01.2008	19:00	TREB1	SGWE3	DA-TREB1	
13	62	20.01.2008	14:45	TGRS1	TVHP2	DA-TGRS1	
13	63	19.01.2008	16:00	SWAB2	TVLA5	DA-SWAB1	
13	64	19.01.2008	16:00	SKGR3	SVDA2	DA-SKGR1	
13	65	20.01.2008	16:00	EBER1	BCDA3	DA-EBER1	
14	66	27.01.2008	18:00	SKGR3	SWAB2	DA-SKGR2	
14	67	26.01.2008	17:00	SVDA2	EBER1	DA-SVDA1	
14	68	26.01.2008	12:00	TVHP2	TVLA5	DA-TVHP1	
14	69	27.01.2008	20:00	SGWE3	TGRS1	DA-SGWE1	
14	70	27.01.2008	16:00	BCDA3	TREB1	DA-BCDA1	
15	71	16.02.2008	18:00	TVLA5	SGWE3	DA-TVLA2	
15	72	16.02.2008	16:00	SWAB2	TVHP2	DA-SWAB1	
15	73	17.02.2008	16:00	EBER1	SKGR3	DA-EBER1	
15	74	16.02.2008	20:00	TREB1	SVDA2	DA-TREB1	
15	75	17.02.2008	15:00	TGRS1	BCDA3	DA-TGRS1	
16	76	24.02.2008	16:00	EBER1	SWAB2	DA-EBER1	
16	77	24.02.2008	20:00	SGWE3	TVHP2	DA-SGWE1	
16	78	24.02.2008	12:00	BCDA3	TVLA5	DA-BCDA1	
16	79	23.02.2008	17:00	SVDA2	TGRS1	DA-SVDA1	
16	80	24.02.2008	18:00	SKGR3	TREB1	DA-SKGR1	
17	81	09.03.2008	16:00	SGWE3	SWAB2	DA-SGWE1	
17	82	08.03.2008	20:00	TREB1	EBER1	DA-TREB1	
17	83	09.03.2008	13:00	TGRS1	SKGR3	DA-TGRS1	
17	84	08.03.2008	18:00	TVLA5	SVDA2	DA-TVLA2	
17	85	08.03.2008	12:00	TVHP2	BCDA3	DA-TVHP1	
18	86	16.03.2008	12:00	BCDA3	SGWE3	DA-BCDA1	
18	87	15.03.2008	17:00	SVDA2	TVHP2	DA-SVDA1	
18	88	15.03.2008	16:00	SKGR3	TVLA5	DA-SKGR1	
18	89	16.03.2008	16:00	EBER1	TGRS1	DA-EBER1	
18	90	15.03.2008	16:00	SWAB2	TREB1	DA-SWAB1	
