1	1	16.09.2007	17:00	BABH1	GEIS1	DA-BABH1	
1	2	16.09.2007	15:30	BASD1	SKGR2	DA-BASD1	
1	3	15.09.2007	19:00	BCDA2	TVHP1	DA-BCDA1	
1	4	15.09.2007	16:00	BENS1	BGOR2	DA-BENS1	
1	5	16.09.2007	20:00	SGWE2	BCWI2	DA-SGWE1	
2	6	23.09.2007	14:00	BGOR2	BCDA2	DA-BGOR2	
2	7	22.09.2007	18:00	TVHP1	BASD1	DA-TVHP1	
2	8	23.09.2007	14:00	SKGR2	SGWE2	DA-SKGR1	
2	9	23.09.2007	16:00	BCWI2	BABH1	DA-BCWI1	
2	10	22.09.2007	19:00	GEIS1	BENS1	DA-GEIS1	
3	11	30.09.2007	17:00	BABH1	BENS1	DA-BABH1	
3	12	30.09.2007	15:30	BASD1	BGOR2	DA-BASD1	
3	13	30.09.2007	16:00	BCDA2	GEIS1	DA-BCDA1	
3	14	30.09.2007	14:00	BCWI2	SKGR2	DA-BCWI1	
3	15	30.09.2007	20:00	SGWE2	TVHP1	DA-SGWE1	
4	16	06.10.2007	12:00	BGOR2	SGWE2	DA-BGOR1	
4	17	06.10.2007	18:00	TVHP1	BCWI2	DA-TVHP1	
4	18	06.10.2007	18:00	SKGR2	BABH1	DA-SKGR2	
4	19	06.10.2007	20:00	BENS1	BCDA2	DA-BENS1	
4	20	06.10.2007	19:00	GEIS1	BASD1	DA-GEIS1	
5	21	21.10.2007	17:00	BABH1	BCDA2	DA-BABH1	
5	22	21.10.2007	15:30	BASD1	BENS1	DA-BASD1	
5	23	20.10.2007	14:00	SKGR2	TVHP1	DA-SKGR1	
5	24	20.10.2007	18:30	BCWI2	BGOR2	DA-BCWI1	
5	25	21.10.2007	16:00	SGWE2	GEIS1	DA-SGWE2	
6	26	27.10.2007	17:00	BGOR2	SKGR2	DA-BGOR1	
6	27	27.10.2007	18:00	TVHP1	BABH1	DA-TVHP1	
6	28	27.10.2007	19:00	BCDA2	BASD1	DA-BCDA1	
6	29	27.10.2007	20:00	BENS1	SGWE2	DA-BENS1	
6	30	27.10.2007	19:00	GEIS1	BCWI2	DA-GEIS1	
7	31	03.11.2007	19:30	BABH1	BASD1	DA-BABH1	
7	32	03.11.2007	18:00	TVHP1	BGOR2	DA-TVHP1	
7	33	03.11.2007	18:00	SKGR2	GEIS1	DA-SKGR2	
7	34	04.11.2007	12:00	BCWI2	BENS1	DA-BCWI1	
7	35	03.11.2007	20:00	SGWE2	BCDA2	DA-SGWE1	
8	36	25.11.2007	17:00	BABH1	BGOR2	DA-BABH1	
8	37	11.11.2007	15:30	BASD1	SGWE2	DA-BASD1	
8	38	10.11.2007	19:00	BCDA2	BCWI2	DA-BCDA1	
8	39	10.11.2007	18:00	BENS1	SKGR2	DA-BENS1	
8	40	10.11.2007	19:00	GEIS1	TVHP1	DA-GEIS1	
9	41	17.11.2007	16:00	BGOR2	GEIS1	DA-BGOR1	
9	42	17.11.2007	18:00	TVHP1	BENS1	DA-TVHP1	
9	43	17.11.2007	20:00	SKGR2	BCDA2	DA-SKGR2	
9	44	17.11.2007	18:15	BCWI2	BASD1	DA-BCWI1	
9	45	17.11.2007	20:00	SGWE2	BABH1	DA-SGWE1	
10	46	01.12.2007	19:00	GEIS1	BABH1	DA-GEIS1	
10	47	01.12.2007	18:00	SKGR2	BASD1	DA-SKGR2	
10	48	01.12.2007	18:00	TVHP1	BCDA2	DA-TVHP1	
10	49	01.12.2007	11:30	BGOR2	BENS1	DA-BGOR1	
10	50	02.12.2007	14:00	BCWI2	SGWE2	DA-BCWI1	
11	51	08.12.2007	19:00	BCDA2	BGOR2	DA-BCDA1	
11	52	09.12.2007	15:30	BASD1	TVHP1	DA-BASD1	
11	53	09.12.2007	20:00	SGWE2	SKGR2	DA-SGWE1	
11	54	09.12.2007	17:00	BABH1	BCWI2	DA-BABH1	
11	55	08.12.2007	20:00	BENS1	GEIS1	DA-BENS1	
12	56	15.12.2007	16:00	BENS1	BABH1	DA-BENS1	
12	57	15.12.2007	12:00	BGOR2	BASD1	DA-BGOR1	
12	58	15.12.2007	19:00	GEIS1	BCDA2	DA-GEIS1	
12	59	15.12.2007	20:00	SKGR2	BCWI2	DA-SKGR2	
12	60	15.12.2007	18:00	TVHP1	SGWE2	DA-TVHP1	
13	61	20.01.2008	20:00	SGWE2	BGOR2	DA-SGWE1	
13	62	20.01.2008	14:00	BCWI2	TVHP1	DA-BCWI1	
13	63	20.01.2008	17:00	BABH1	SKGR2	DA-BABH1	
13	64	20.01.2008	16:00	BCDA2	BENS1	DA-BCDA1	
13	65	20.01.2008	15:30	BASD1	GEIS1	DA-BASD1	
14	66	26.01.2008	19:00	BCDA2	BABH1	DA-BCDA1	
14	67	26.01.2008	16:00	BENS1	BASD1	DA-BENS1	
14	68	26.01.2008	18:00	TVHP1	SKGR2	DA-TVHP1	
14	69	26.01.2008	12:00	BGOR2	BCWI2	DA-BGOR1	
14	70	26.01.2008	19:00	GEIS1	SGWE2	DA-GEIS1	
15	71	16.02.2008	14:00	SKGR2	BGOR2	DA-SKGR1	
15	72	17.02.2008	17:00	BABH1	TVHP1	DA-BABH1	
15	73	17.02.2008	15:30	BASD1	BCDA2	DA-BASD1	
15	74	17.02.2008	20:00	SGWE2	BENS1	DA-SGWE2	
15	75	16.02.2008	18:30	BCWI2	GEIS1	DA-BCWI1	
16	76	24.02.2008	15:30	BASD1	BABH1	DA-BASD1	
16	77	23.02.2008	14:00	BGOR2	TVHP1	DA-BGOR1	
16	78	23.02.2008	19:00	GEIS1	SKGR2	DA-GEIS1	
16	79	23.02.2008	16:00	BENS1	BCWI2	DA-BENS1	
16	80	23.02.2008	19:00	BCDA2	SGWE2	DA-BCDA1	
17	81	08.03.2008	14:00	BGOR2	BABH1	DA-BGOR1	
17	82	09.03.2008	18:00	SGWE2	BASD1	DA-SGWE1	
17	83	09.03.2008	14:00	BCWI2	BCDA2	DA-BCWI1	
17	84	08.03.2008	18:00	SKGR2	BENS1	DA-SKGR2	
17	85	08.03.2008	18:00	TVHP1	GEIS1	DA-TVHP1	
18	86	15.03.2008	19:00	GEIS1	BGOR2	DA-GEIS1	
18	87	15.03.2008	20:00	BENS1	TVHP1	DA-BENS1	
18	88	15.03.2008	19:00	BCDA2	SKGR2	DA-BCDA1	
18	89	16.03.2008	15:30	BASD1	BCWI2	DA-BASD1	
18	90	16.03.2008	17:00	BABH1	SGWE2	DA-BABH1	
