1	1	15.09.2007	14:00	SWAB3	BCDA4	DA-SWAB1	
1	4	15.09.2007	20:00	SCCP2	GRUM1	DA-SCCP1	
2	9	23.09.2007	17:00	TGRS2	SWAB3	DA-TGRS1	
2	10	23.09.2007	10:00	BCDA4	SCCP2	DA-BCDA1	
3	11	29.09.2007	14:00	SWAB3	SCCP2	DA-SWAB1	
3	14	30.09.2007	18:00	TGRS2	EBER2	DA-TGRS1	
4	17	06.10.2007	14:00	BERG3	TGRS2	DA-BERG1	
4	18	07.10.2007	16:00	EBER2	SWAB3	DA-EBER1	
5	23	21.10.2007	16:00	EBER2	BERG3	DA-EBER1	
5	24	21.10.2007	17:00	TGRS2	GRUM1	DA-TGRS1	
6	26	28.10.2007	13:00	GRUM1	EBER2	DA-GRUM1	
6	27	27.10.2007	18:00	BERG3	SWAB3	DA-BERG2	
6	30	28.10.2007	10:00	BCDA4	TGRS2	DA-BCDA1	
7	32	03.11.2007	18:00	BERG3	GRUM1	DA-BERG1	
7	33	04.11.2007	16:00	EBER2	BCDA4	DA-EBER1	
7	34	04.11.2007	00:00	TGRS2	SCCP2	DA-TGRS1	
8	36	10.11.2007	14:00	SWAB3	GRUM1	DA-SWAB1	
8	39	10.11.2007	20:00	SCCP2	EBER2	DA-SCCP1	
8	40	11.11.2007	10:00	BCDA4	BERG3	DA-BCDA1	
9	41	18.11.2007	19:00	GRUM1	BCDA4	DA-GRUM1	
9	42	18.11.2007	20:00	BERG3	SCCP2	DA-BERG1	
10	46	02.12.2007	10:00	BCDA4	SWAB3	DA-BCDA1	
10	49	02.12.2007	13:00	GRUM1	SCCP2	DA-GRUM1	
11	54	08.12.2007	14:00	SWAB3	TGRS2	DA-SWAB1	
11	55	08.12.2007	18:00	SCCP2	BCDA4	DA-SCCP1	
12	56	15.12.2007	16:00	SCCP2	SWAB3	DA-SCCP1	
12	59	16.12.2007	16:00	EBER2	TGRS2	DA-EBER1	
13	62	20.01.2008	18:15	TGRS2	BERG3	DA-TGRS1	
13	63	19.01.2008	14:00	SWAB3	EBER2	DA-SWAB1	
14	68	27.01.2008	20:00	BERG3	EBER2	DA-BERG2	
14	69	27.01.2008	13:00	GRUM1	TGRS2	DA-GRUM1	
15	71	17.02.2008	14:00	EBER2	GRUM1	DA-EBER1	
15	72	16.02.2008	14:00	SWAB3	BERG3	DA-SWAB1	
15	75	17.02.2008	00:00	TGRS2	BCDA4	DA-TGRS1	
16	77	23.02.2008	19:00	GRUM1	BERG3	DA-GRUM1	
16	78	24.02.2008	10:00	BCDA4	EBER2	DA-BCDA1	
16	79	23.02.2008	20:00	SCCP2	TGRS2	DA-SCCP1	
17	81	08.03.2008	13:00	GRUM1	SWAB3	DA-GRUM1	
17	84	09.03.2008	16:00	EBER2	SCCP2	DA-EBER1	
17	85	09.03.2008	17:00	BERG3	BCDA4	DA-BERG2	
18	86	16.03.2008	10:00	BCDA4	GRUM1	DA-BCDA1	
18	87	15.03.2008	18:00	SCCP2	BERG3	DA-SCCP1	
