1	2	16.09.2007	15:00	DRAG2	MTVU1	DA-DRAG1	
1	3	16.09.2007	18:00	SKGR4	TVHP3	DA-SKGR2	
2	6	23.09.2007	20:00	DIEB2	SKGR4	DA-DIEB3	
2	7	22.09.2007	20:00	TVHP3	DRAG2	DA-TVHP1	
2	9	23.09.2007	17:00	BENS3	BABH2	DA-BENS2	
3	12	30.09.2007	17:00	DRAG2	DIEB2	DA-DRAG1	
3	14	30.09.2007	17:00	BENS3	MTVU1	DA-BENS2	
4	17	06.10.2007	20:00	TVHP3	BENS3	DA-TVHP1	
4	18	06.10.2007	18:30	MTVU1	BABH2	DA-MTVU1	
5	21	21.10.2007	13:00	BABH2	SKGR4	DA-BABH1	
5	23	20.10.2007	18:30	MTVU1	TVHP3	DA-MTVU1	
5	24	21.10.2007	17:00	BENS3	DIEB2	DA-BENS2	
6	26	27.10.2007	20:00	DIEB2	MTVU1	DA-DIEB1	
6	27	27.10.2007	20:00	TVHP3	BABH2	DA-TVHP1	
6	28	27.10.2007	18:00	SKGR4	DRAG2	DA-SKGR1	
7	31	03.11.2007	17:30	BABH2	DRAG2	DA-BABH1	
7	32	03.11.2007	20:00	TVHP3	DIEB2	DA-TVHP1	
8	36	25.11.2007	13:00	BABH2	DIEB2	DA-BABH1	
8	38	11.11.2007	18:30	SKGR4	BENS3	DA-SKGR1	
9	43	17.11.2007	18:30	MTVU1	SKGR4	DA-MTVU1	
9	44	18.11.2007	17:00	BENS3	DRAG2	DA-BENS2	
10	47	01.12.2007	18:30	MTVU1	DRAG2	DA-MTVU1	
10	48	01.12.2007	20:00	TVHP3	SKGR4	DA-TVHP1	
11	51	08.12.2007	20:00	SKGR4	DIEB2	DA-SKGR1	
11	52	08.12.2007	19:00	DRAG2	TVHP3	DA-DRAG1	
11	54	09.12.2007	13:00	BABH2	BENS3	DA-BABH1	
12	57	16.12.2007	14:00	DIEB2	DRAG2	DA-DIEB1	
12	59	15.12.2007	18:30	MTVU1	BENS3	DA-MTVU1	
13	62	20.01.2008	17:00	BENS3	TVHP3	DA-BENS2	
13	63	20.01.2008	13:00	BABH2	MTVU1	DA-BABH1	
14	66	27.01.2008	16:00	SKGR4	BABH2	DA-SKGR2	
14	68	26.01.2008	20:00	TVHP3	MTVU1	DA-TVHP1	
14	69	26.01.2008	15:00	DIEB2	BENS3	DA-DIEB3	
15	71	16.02.2008	18:30	MTVU1	DIEB2	DA-MTVU1	
15	72	17.02.2008	15:00	BABH2	TVHP3	DA-BABH1	
15	73	17.02.2008	17:00	DRAG2	SKGR4	DA-DRAG1	
16	76	24.02.2008	15:00	DRAG2	BABH2	DA-DRAG1	
16	77	24.02.2008	20:00	DIEB2	TVHP3	DA-DIEB3	
17	81	09.03.2008	20:00	DIEB2	BABH2	DA-DIEB1	
17	83	09.03.2008	17:00	BENS3	SKGR4	DA-BENS2	
18	88	15.03.2008	18:00	SKGR4	MTVU1	DA-SKGR1	
18	89	16.03.2008	15:00	DRAG2	BENS3	DA-DRAG1	
