1	1	15.09.2007	18:00	SWAB1	DISB1	DA-SWAB1	
1	2	15.09.2007	18:00	BERG2	BGOR3	DA-BERG2	
1	3	15.09.2007	19:30	TVLA4	DIEB1	DA-TVLA2	
1	4	16.09.2007	14:00	BENS2	HOCH1	DA-BENS2	
1	5	16.09.2007	13:00	BASD2	SVDA1	DA-BASD1	
2	6	23.09.2007	18:00	HOCH1	TVLA4	DA-HOCH1	
2	7	23.09.2007	18:00	DIEB1	BERG2	DA-DIEB3	
2	8	22.09.2007	16:00	BGOR3	BASD2	DA-BGOR1	
2	9	22.09.2007	19:00	SVDA1	SWAB1	DA-SVDA1	
2	10	22.09.2007	18:30	DISB1	BENS2	DA-DISB1	
3	11	29.09.2007	18:00	SWAB1	BENS2	DA-SWAB1	
3	12	29.09.2007	18:00	BERG2	HOCH1	DA-BERG2	
3	13	29.09.2007	17:00	TVLA4	DISB1	DA-TVLA2	
3	14	29.09.2007	19:00	SVDA1	BGOR3	DA-SVDA1	
3	15	30.09.2007	13:00	BASD2	DIEB1	DA-BASD1	
4	16	07.10.2007	18:00	HOCH1	BASD2	DA-HOCH1	
4	17	06.10.2007	18:00	DIEB1	SVDA1	DA-DIEB1	
4	18	07.10.2007	15:00	BGOR3	SWAB1	DA-BGOR1	
4	19	06.10.2007	16:00	BENS2	TVLA4	DA-BENS1	
4	20	06.10.2007	18:30	DISB1	BERG2	DA-DISB1	
5	21	20.10.2007	18:00	SWAB1	TVLA4	DA-SWAB1	
5	22	21.10.2007	18:00	BERG2	BENS2	DA-BERG1	
5	23	21.10.2007	20:00	BGOR3	DIEB1	DA-BGOR1	
5	24	20.10.2007	19:00	SVDA1	HOCH1	DA-SVDA1	
5	25	21.10.2007	13:00	BASD2	DISB1	DA-BASD1	
6	26	28.10.2007	20:00	HOCH1	BGOR3	DA-HOCH1	
6	27	27.10.2007	18:00	DIEB1	SWAB1	DA-DIEB1	
6	28	27.10.2007	19:30	TVLA4	BERG2	DA-TVLA2	
6	29	27.10.2007	16:00	BENS2	BASD2	DA-BENS1	
6	30	27.10.2007	18:30	DISB1	SVDA1	DA-DISB1	
7	31	03.11.2007	18:00	SWAB1	BERG2	DA-SWAB1	
7	32	04.11.2007	17:00	DIEB1	HOCH1	DA-DIEB1	
7	33	04.11.2007	15:00	BGOR3	DISB1	DA-BGOR1	
7	34	03.11.2007	19:00	SVDA1	BENS2	DA-SVDA1	
7	35	04.11.2007	13:00	BASD2	TVLA4	DA-BASD1	
8	36	10.11.2007	18:00	SWAB1	HOCH1	DA-SWAB1	
8	37	11.11.2007	18:00	BERG2	BASD2	DA-BERG1	
8	38	10.11.2007	19:30	TVLA4	SVDA1	DA-TVLA2	
8	39	10.11.2007	14:00	BENS2	BGOR3	DA-BENS1	
8	40	10.11.2007	18:30	DISB1	DIEB1	DA-DISB1	
9	41	18.11.2007	20:00	HOCH1	DISB1	DA-HOCH1	
9	42	17.11.2007	20:00	DIEB1	BENS2	DA-DIEB1	
9	43	17.11.2007	18:00	BGOR3	TVLA4	DA-BGOR1	
9	44	17.11.2007	19:00	SVDA1	BERG2	DA-SVDA1	
9	45	18.11.2007	13:00	BASD2	SWAB1	DA-BASD1	
10	46	01.12.2007	18:30	DISB1	SWAB1	DA-DISB1	
10	47	02.12.2007	15:00	BGOR3	BERG2	DA-BGOR1	
10	48	02.12.2007	17:00	DIEB1	TVLA4	DA-DIEB1	
10	49	25.11.2007	18:00	HOCH1	BENS2	DA-HOCH1	
10	50	01.12.2007	19:00	SVDA1	BASD2	DA-SVDA1	
11	51	08.12.2007	19:30	TVLA4	HOCH1	DA-TVLA2	
11	52	08.12.2007	18:00	BERG2	DIEB1	DA-BERG2	
11	53	09.12.2007	13:00	BASD2	BGOR3	DA-BASD1	
11	54	08.12.2007	18:00	SWAB1	SVDA1	DA-SWAB1	
11	55	08.12.2007	16:00	BENS2	DISB1	DA-BENS1	
12	56	15.12.2007	14:00	BENS2	SWAB1	DA-BENS1	
12	57	16.12.2007	18:00	HOCH1	BERG2	DA-HOCH1	
12	58	15.12.2007	19:30	DISB1	TVLA4	DA-DISB1	
12	59	16.12.2007	20:00	BGOR3	SVDA1	DA-BGOR1	
12	60	16.12.2007	16:00	DIEB1	BASD2	DA-DIEB1	
13	61	20.01.2008	13:00	BASD2	HOCH1	DA-BASD1	
13	62	19.01.2008	19:00	SVDA1	DIEB1	DA-SVDA1	
13	63	19.01.2008	18:00	SWAB1	BGOR3	DA-SWAB1	
13	64	19.01.2008	19:30	TVLA4	BENS2	DA-TVLA2	
13	65	20.01.2008	18:00	BERG2	DISB1	DA-BERG1	
14	66	26.01.2008	19:30	TVLA4	SWAB1	DA-TVLA2	
14	67	26.01.2008	14:00	BENS2	BERG2	DA-BENS1	
14	68	26.01.2008	17:00	DIEB1	BGOR3	DA-DIEB3	
14	69	27.01.2008	16:00	HOCH1	SVDA1	DA-HOCH1	
14	70	26.01.2008	19:30	DISB1	BASD2	DA-DISB1	
15	71	16.02.2008	20:00	BGOR3	HOCH1	DA-BGOR2	
15	72	16.02.2008	18:00	SWAB1	DIEB1	DA-SWAB1	
15	73	17.02.2008	18:00	BERG2	TVLA4	DA-BERG1	
15	74	17.02.2008	13:00	BASD2	BENS2	DA-BASD1	
15	75	16.02.2008	19:00	SVDA1	DISB1	DA-SVDA1	
16	76	23.02.2008	18:00	BERG2	SWAB1	DA-BERG2	
16	77	24.02.2008	16:00	HOCH1	DIEB1	DA-HOCH1	
16	78	23.02.2008	19:30	DISB1	BGOR3	DA-DISB1	
16	79	24.02.2008	16:00	BENS2	SVDA1	DA-BENS2	
16	80	23.02.2008	19:30	TVLA4	BASD2	DA-TVLA2	
17	81	09.03.2008	18:00	HOCH1	SWAB1	DA-HOCH1	
17	82	09.03.2008	13:00	BASD2	BERG2	DA-BASD1	
17	83	08.03.2008	19:00	SVDA1	TVLA4	DA-SVDA1	
17	84	08.03.2008	16:00	BGOR3	BENS2	DA-BGOR1	
17	85	09.03.2008	18:00	DIEB1	DISB1	DA-DIEB1	
18	86	15.03.2008	18:30	DISB1	HOCH1	DA-DISB1	
18	87	15.03.2008	16:00	BENS2	DIEB1	DA-BENS1	
18	88	15.03.2008	17:00	TVLA4	BGOR3	DA-TVLA2	
18	89	16.03.2008	18:00	BERG2	SVDA1	DA-BERG1	
18	90	15.03.2008	18:00	SWAB1	BASD2	DA-SWAB1	
