1	1	28.10.2007	12:00	BENS1	SKGR1	DA-BENS2	
1	2	27.10.2007	11:00	BGOR1	DRHN1	DA-BGOR1	
1	3	27.10.2007	15:00	BCDA1	TVLA1	DA-BCDA1	
1	4	27.10.2007	14:00	TVLA2	SGWE1	DA-TVLA1	
2	5	04.11.2007	17:00	TVLA1	BGOR1	DA-TVLA2	
2	6	04.11.2007	12:00	DRHN1	TVLA2	DA-DRHN1	
2	7	04.11.2007	10:00	SGWE1	BENS1	DA-SGWE1	
2	8	04.11.2007	12:00	SKGR1	BCDA1	DA-SKGR1	
3	9	11.11.2007	09:00	BENS1	BCDA1	DA-BENS2	
3	10	11.11.2007	13:00	BGOR1	SKGR1	DA-BGOR1	
3	11	10.11.2007	10:00	SGWE1	DRHN1	DA-SGWE1	
3	12	10.11.2007	15:30	TVLA2	TVLA1	DA-TVLA2	
4	13	18.11.2007	10:00	TVLA1	SGWE1	DA-TVLA2	
4	14	17.11.2007	11:00	DRHN1	BENS1	DA-DRHN1	
4	15	17.11.2007	15:00	BCDA1	BGOR1	DA-BCDA1	
4	16	17.11.2007	10:00	SKGR1	TVLA2	DA-SKGR2	
5	17	25.11.2007	12:00	BENS1	BGOR1	DA-BENS2	
5	18	25.11.2007	10:00	DRHN1	TVLA1	DA-DRHN1	
5	19	24.11.2007	10:00	SGWE1	SKGR1	DA-SGWE1	
5	20	24.11.2007	14:00	TVLA2	BCDA1	DA-TVLA2	
6	21	02.12.2007	15:00	BENS1	TVLA1	DA-BENS2	
6	22	02.12.2007	13:00	BGOR1	TVLA2	DA-BGOR1	
6	23	01.12.2007	15:00	BCDA1	SGWE1	DA-BCDA1	
6	24	02.12.2007	12:00	SKGR1	DRHN1	DA-SKGR1	
7	25	09.12.2007	15:00	TVLA1	SKGR1	DA-TVLA2	
7	26	09.12.2007	10:00	DRHN1	BCDA1	DA-DRHN1	
7	27	08.12.2007	10:00	SGWE1	BGOR1	DA-SGWE1	
7	28	08.12.2007	17:30	TVLA2	BENS1	DA-TVLA2	
8	29	19.01.2008	14:00	SKGR1	BENS1	DA-SKGR1	
8	30	16.12.2007	10:00	DRHN1	BGOR1	DA-DRHN1	
8	31	16.12.2007	14:00	TVLA1	BCDA1	DA-TVLA2	
8	32	15.12.2007	14:00	SGWE1	TVLA2	DA-SGWE1	
9	33	27.01.2008	11:00	BGOR1	TVLA1	DA-BGOR1	
9	34	26.01.2008	17:30	TVLA2	DRHN1	DA-TVLA2	
9	35	27.01.2008	10:00	BENS1	SGWE1	DA-BENS2	
9	36	19.01.2008	15:00	BCDA1	SKGR1	DA-BCDA1	
10	37	09.02.2008	15:00	BCDA1	BENS1	DA-BCDA1	
10	38	09.02.2008	16:00	SKGR1	BGOR1	DA-SKGR2	
10	39	10.02.2008	12:00	DRHN1	SGWE1	DA-DRHN1	
10	40	10.02.2008	09:00	TVLA1	TVLA2	DA-TVLA2	
11	41	19.01.2008	10:00	SGWE1	TVLA1	DA-SGWE1	
11	42	16.02.2008	14:00	BENS1	DRHN1	DA-BENS1	
11	43	16.02.2008	10:00	BGOR1	BCDA1	DA-BGOR2	
11	44	16.02.2008	14:00	TVLA2	SKGR1	DA-TVLA2	
12	45	23.02.2008	10:00	BGOR1	BENS1	DA-BGOR1	
12	46	24.02.2008	15:00	TVLA1	DRHN1	DA-TVLA2	
12	47	24.02.2008	10:00	SKGR1	SGWE1	DA-SKGR1	
12	48	23.02.2008	15:00	BCDA1	TVLA2	DA-BCDA1	
13	49	01.03.2008	14:00	TVLA1	BENS1	DA-TVLA2	
13	50	01.03.2008	16:00	TVLA2	BGOR1	DA-TVLA2	
13	51	02.03.2008	10:00	SGWE1	BCDA1	DA-SGWE1	
13	52	02.03.2008	14:00	DRHN1	SKGR1	DA-DRHN1	
14	53	09.03.2008	12:00	SKGR1	TVLA1	DA-SKGR1	
14	54	09.03.2008	12:00	BCDA1	DRHN1	DA-BCDA1	
14	55	08.03.2008	12:00	BGOR1	SGWE1	DA-BGOR1	
14	56	09.03.2008	15:00	BENS1	TVLA2	DA-BENS2	
