1	1	23.09.2007	13:00	BENS1		DA-BENS2	
1	2	22.09.2007	14:00	TVLA1	BGOR1	DA-TVLA1	
1	4	23.09.2007	10:00	BCWI1	SGWE1	DA-BCWI1	
2	5	30.09.2007	10:00	DRHN1	TVLA1	DA-DRHN1	
2	6	30.09.2007	12:00	BGOR1	BCWI1	DA-BGOR1	
2	7	30.09.2007	10:00	SGWE1	BENS1	DA-SGWE1	
3	9	28.10.2007	10:00	BENS1		DA-BENS2	
3	10	27.10.2007	00:00	TVLA1		DA-TVLA	
3	11	28.10.2007	10:00	SGWE1	BGOR1	DA-SGWE1	
3	12	28.10.2007	13:00	BCWI1	DRHN1	DA-BCWI1	
4	13	04.11.2007	14:00	DRHN1	SGWE1	DA-DRHN1	
4	14	03.11.2007	14:00	BGOR1	BENS1	DA-BGOR2	
5	17	11.11.2007	13:00	BENS1	TVLA1	DA-BENS2	
5	18	11.11.2007	11:00	BGOR1	DRHN1	DA-BGOR1	
5	19	11.11.2007		SGWE1		DA-SGWE1	
5	20	11.11.2007	10:00	BCWI1		DA-BCWI1	
6	21	18.11.2007	15:00	BENS1	DRHN1	DA-BENS2	
6	22	17.11.2007	14:00	TVLA1	BCWI1	DA-TVLA2	
7	25	00.00.2000	00:00	DRHN1		DA-DRHN1	
7	26	24.11.2007	14:00	BGOR1		DA-BGOR2	
7	27	25.11.2007	18:00	SGWE1	TVLA1	DA-SGWE1	
7	28	25.11.2007	13:00	BCWI1	BENS1	DA-BCWI1	
8	30	08.12.2007	12:00	BGOR1	TVLA1	DA-BGOR1	
8	31	00.00.2000	00:00	DRHN1		DA-DRHN1	
8	32	08.12.2007	16:00	SGWE1	BCWI1	DA-SGWE1	
9	33	16.12.2007	10:00	TVLA1	DRHN1	DA-TVLA2	
9	34	16.12.2007	12:00	BCWI1	BGOR1	DA-BCWI1	
9	35	16.12.2007	14:00	BENS1	SGWE1	DA-BENS2	
10	39	20.01.2008	11:00	BGOR1	SGWE1	DA-BGOR1	
10	40	20.01.2008	10:00	DRHN1	BCWI1	DA-DRHN1	
11	41	26.01.2008	12:00	SGWE1	DRHN1	DA-SGWE1	
11	42	27.01.2008	14:00	BENS1	BGOR1	DA-BENS2	
11	43	26.01.2008	00:00	TVLA1		DA-TVLA	
11	44	27.01.2008	12:00	BCWI1		DA-BCWI1	
12	45	09.02.2008	14:00	TVLA1	BENS1	DA-TVLA1	
12	46	10.02.2008	14:00	DRHN1	BGOR1	DA-DRHN1	
13	49	17.02.2008	12:00	DRHN1	BENS1	DA-DRHN1	
13	50	17.02.2008	12:00	BCWI1	TVLA1	DA-BCWI1	
13	51	17.02.2008		SGWE1		DA-SGWE1	
13	52	16.02.2008	14:00	BGOR1		DA-BGOR2	
14	55	24.02.2008	11:00	TVLA1	SGWE1	DA-TVLA2	
14	56	24.02.2008	14:00	BENS1	BCWI1	DA-BENS2	
