1	1	27.10.2007	11:00	SVDA1	SKGR2	DA-SVDA1	
1	2	27.10.2007	14:30	MTVU1	TVHP1	DA-MTVU1	
1	3	27.10.2007	12:00	BERG1	GRUM1	DA-BERG2	
1	4	28.10.2007	11:00	BCWI1	SGWE2	DA-BCWI1	
2	5	04.11.2007	10:00	GRUM1	MTVU1	DA-GRUM1	
2	6	03.11.2007	10:00	TVHP1	BCWI1	DA-TVHP1	
2	7	04.11.2007	12:00	SGWE2	SVDA1	DA-SGWE1	
2	8	04.11.2007	10:00	SKGR2	BERG1	DA-SKGR1	
3	9	10.11.2007	11:00	SVDA1	BERG1	DA-SVDA1	
3	10	10.11.2007	14:30	MTVU1	SKGR2	DA-MTVU1	
3	11	10.11.2007	12:00	SGWE2	TVHP1	DA-SGWE1	
3	12	11.11.2007	12:00	BCWI1	GRUM1	DA-BCWI1	
4	13	18.11.2007	09:00	GRUM1	SGWE2	DA-GRUM1	
4	14	17.11.2007	10:00	TVHP1	SVDA1	DA-TVHP1	
4	15	18.11.2007	10:00	BERG1	MTVU1	DA-BERG2	
4	16	18.11.2007	10:00	SKGR2	BCWI1	DA-SKGR1	
5	17	24.11.2007	11:00	SVDA1	MTVU1	DA-SVDA1	
5	18	24.11.2007	10:00	TVHP1	GRUM1	DA-TVHP1	
5	19	24.11.2007	12:00	SGWE2	SKGR2	DA-SGWE1	
5	20	25.11.2007	11:00	BCWI1	BERG1	DA-BCWI1	
6	21	01.12.2007	11:00	SVDA1	GRUM1	DA-SVDA1	
6	22	01.12.2007	14:30	MTVU1	BCWI1	DA-MTVU1	
6	23	01.12.2007	12:00	BERG1	SGWE2	DA-BERG1	
6	24	02.12.2007	10:00	SKGR2	TVHP1	DA-SKGR1	
7	25	09.12.2007	10:00	GRUM1	SKGR2	DA-GRUM1	
7	26	08.12.2007	14:00	TVHP1	BERG1	DA-TVHP1	
7	27	09.12.2007	10:00	SGWE2	MTVU1	DA-SGWE1	
7	28	09.12.2007	10:00	BCWI1	SVDA1	DA-BCWI1	
8	29	19.01.2008	10:00	SKGR2	SVDA1	DA-SKGR1	
8	30	15.12.2007	12:00	TVHP1	MTVU1	DA-TVHP1	
8	31	16.12.2007	09:00	GRUM1	BERG1	DA-GRUM1	
8	32	15.12.2007	16:00	SGWE2	BCWI1	DA-SGWE1	
9	33	26.01.2008	14:30	MTVU1	GRUM1	DA-MTVU1	
9	34	26.01.2008	12:00	BCWI1	TVHP1	DA-BCWI1	
9	35	26.01.2008	11:00	SVDA1	SGWE2	DA-SVDA1	
9	36	27.01.2008	12:00	BERG1	SKGR2	DA-BERG2	
10	37	10.02.2008	10:00	BERG1	SVDA1	DA-BERG2	
10	38	09.02.2008	14:00	SKGR2	MTVU1	DA-SKGR2	
10	39	09.02.2008	14:00	TVHP1	SGWE2	DA-TVHP1	
10	40	03.02.2008	10:00	GRUM1	BCWI1	DA-GRUM1	
11	41	19.01.2008	12:00	SGWE2	GRUM1	DA-SGWE1	
11	42	16.02.2008	11:00	SVDA1	TVHP1	DA-SVDA1	
11	43	16.02.2008	14:30	MTVU1	BERG1	DA-MTVU1	
11	44	17.02.2008	10:00	BCWI1	SKGR2	DA-BCWI1	
12	45	23.02.2008	14:30	MTVU1	SVDA1	DA-MTVU1	
12	46	23.02.2008	09:00	GRUM1	TVHP1	DA-GRUM1	
12	47	23.02.2008	10:00	SKGR2	SGWE2	DA-SKGR2	
12	48	23.02.2008	14:00	BERG1	BCWI1	DA-BERG2	
13	49	02.03.2008	10:00	GRUM1	SVDA1	DA-GRUM1	
13	50	02.03.2008	12:30	BCWI1	MTVU1	DA-BCWI1	
13	51	02.03.2008	12:00	SGWE2	BERG1	DA-SGWE1	
13	52	01.03.2008	14:00	TVHP1	SKGR2	DA-TVHP1	
14	53	09.03.2008	10:00	SKGR2	GRUM1	DA-SKGR1	
14	54	09.03.2008	13:00	BERG1	TVHP1	DA-BERG2	
14	55	08.03.2008	14:30	MTVU1	SGWE2	DA-MTVU1	
14	56	08.03.2008	11:00	SVDA1	BCWI1	DA-SVDA1	
