1	1	28.10.2007	09:00	BABH1	SKGR1	DA-BABH1	
1	2	27.10.2007	10:00	TAUN1	BGOR2	DA-TAUN1	
1	3	27.10.2007	10:00	DIEB1	DISB1	DA-DIEB1	
1	4	21.10.2007	14:00	BCDA1	TVLA2	DA-BCDA1	
2	5	03.11.2007	14:30	DISB1	TAUN1	DA-DISB1	
2	6	03.11.2007	12:00	BGOR2	BCDA1	DA-BGOR2	
2	7	03.11.2007	14:00	TVLA2	BABH1	DA-TVLA2	
2	8	03.11.2007	12:00	SKGR1	DIEB1	DA-SKGR2	
3	9	11.11.2007	09:00	BABH1	DIEB1	DA-BABH1	
3	10	10.11.2007	12:00	TAUN1	SKGR1	DA-TAUN1	
3	11	10.11.2007	17:30	TVLA2	BGOR2	DA-TVLA2	
3	12	11.11.2007	14:00	BCDA1	DISB1	DA-BCDA1	
4	13	17.11.2007	14:30	DISB1	TVLA2	DA-DISB1	
4	14	17.11.2007	12:00	BGOR2	BABH1	DA-BGOR1	
4	15	17.11.2007	10:00	DIEB1	TAUN1	DA-DIEB1	
4	16	17.11.2007	12:00	SKGR1	BCDA1	DA-SKGR2	
5	17	25.11.2007	11:00	BABH1	TAUN1	DA-BABH1	
5	18	24.11.2007	10:00	BGOR2	DISB1	DA-BGOR2	
5	19	24.11.2007	16:00	TVLA2	SKGR1	DA-TVLA1	
5	20	24.11.2007	15:00	BCDA1	DIEB1	DA-BCDA1	
6	21	02.12.2007	11:00	BABH1	DISB1	DA-BABH1	
6	22	01.12.2007	12:00	TAUN1	BCDA1	DA-TAUN1	
6	23	02.12.2007	15:00	DIEB1	TVLA2	DA-DIEB1	
6	24	02.12.2007	14:00	SKGR1	BGOR2	DA-SKGR1	
7	25	08.12.2007	14:30	DISB1	SKGR1	DA-DISB1	
7	26	08.12.2007	10:00	BGOR2	DIEB1	DA-BGOR1	
7	27	09.12.2007	12:30	TVLA2	TAUN1	DA-TVLA1	
7	28	09.12.2007	14:00	BCDA1	BABH1	DA-BCDA1	
8	29	19.01.2008	12:00	SKGR1	BABH1	DA-SKGR1	
8	30	16.12.2007	11:00	BGOR2	TAUN1	DA-BGOR1	
8	31	15.12.2007	14:00	DISB1	DIEB1	DA-DISB1	
8	32	16.12.2007	12:00	TVLA2	BCDA1	DA-TVLA2	
9	33	26.01.2008	12:00	TAUN1	DISB1	DA-TAUN1	
9	34	27.01.2008	12:00	BCDA1	BGOR2	DA-BCDA1	
9	35	27.01.2008	11:00	BABH1	TVLA2	DA-BABH1	
9	36	26.01.2008	09:00	DIEB1	SKGR1	DA-DIEB3	
10	37	09.02.2008	09:00	DIEB1	BABH1	DA-DIEB3	
10	38	10.02.2008	11:30	SKGR1	TAUN1	DA-SKGR1	
10	39	09.02.2008	14:00	BGOR2	TVLA2	DA-BGOR1	
10	40	09.02.2008	14:30	DISB1	BCDA1	DA-DISB1	
11	41	16.02.2008	16:00	TVLA2	DISB1	DA-TVLA2	
11	42	17.02.2008	09:00	BABH1	BGOR2	DA-BABH1	
11	43	16.02.2008	12:00	TAUN1	DIEB1	DA-TAUN1	
11	44	17.02.2008	12:00	BCDA1	SKGR1	DA-BCDA1	
12	45	23.02.2008	12:00	TAUN1	BABH1	DA-TAUN1	
12	46	23.02.2008	14:00	DISB1	BGOR2	DA-DISB1	
12	47	24.02.2008	12:00	SKGR1	TVLA2	DA-SKGR1	
12	48	24.02.2008	10:00	DIEB1	BCDA1	DA-DIEB3	
13	49	01.03.2008	14:30	DISB1	BABH1	DA-DISB1	
13	50	01.03.2008	15:00	BCDA1	TAUN1	DA-BCDA1	
13	51	01.03.2008	12:00	TVLA2	DIEB1	DA-TVLA2	
13	52	08.03.2008	10:00	BGOR2	SKGR1	DA-BGOR1	
14	53	09.03.2008	14:00	SKGR1	DISB1	DA-SKGR1	
14	54	08.03.2008	11:00	DIEB1	BGOR2	DA-DIEB4	
14	55	08.03.2008	12:00	TAUN1	TVLA2	DA-TAUN1	
14	56	09.03.2008	13:00	BABH1	BCDA1	DA-BABH1	
