1	1	22.09.2007	14:30	DISB1	HOCH1	DA-DISB1	
1	4	22.09.2007	11:00	GEIS2	BCDA2	DA-GEIS1	
2	6	29.09.2007	14:00	EBER1	GEIS2	DA-EBER2	
2	7	30.09.2007	12:00	BCDA2	DISB1	DA-BCDA1	
2	8	30.09.2007	14:00	HOCH1	GRUM1	DA-HOCH1	
3	9	27.10.2007	16:30	DISB1	GRUM1	DA-DISB1	
3	11	28.10.2007	14:00	BCDA2	EBER1	DA-BCDA1	
4	14	04.11.2007	10:00	EBER1	DISB1	DA-EBER1	
4	16	04.11.2007	14:00	HOCH1	GEIS2	DA-HOCH1	
5	19	10.11.2007	15:00	BCDA2	HOCH1	DA-BCDA1	
5	20	11.11.2007	15:00	GEIS2	GRUM1	DA-GEIS1	
6	23	18.11.2007	11:00	GRUM1	BCDA2	DA-GRUM1	
6	24	18.11.2007	14:00	HOCH1	EBER1	DA-HOCH1	
7	26	25.11.2007	12:00	EBER1	GRUM1	DA-EBER1	
7	28	25.11.2007	11:00	GEIS2	DISB1	DA-GEIS1	
8	29	09.12.2007	14:00	HOCH1	DISB1	DA-HOCH1	
8	32	09.12.2007	12:00	BCDA2	GEIS2	DA-BCDA1	
9	34	15.12.2007	11:00	GEIS2	EBER1	DA-GEIS1	
9	35	15.12.2007	15:45	DISB1	BCDA2	DA-DISB1	
9	36	16.12.2007	11:00	GRUM1	HOCH1	DA-GRUM1	
10	37	20.01.2008	11:00	GRUM1	DISB1	DA-GRUM1	
10	39	20.01.2008	10:00	EBER1	BCDA2	DA-EBER1	
11	42	26.01.2008	14:00	DISB1	EBER1	DA-DISB1	
11	44	26.01.2008	13:00	GEIS2	HOCH1	DA-GEIS1	
12	47	10.02.2008	13:30	HOCH1	BCDA2	DA-HOCH1	
12	48	03.02.2008	12:00	GRUM1	GEIS2	DA-GRUM1	
13	51	17.02.2008	10:00	BCDA2	GRUM1	DA-BCDA1	
13	52	16.02.2008	14:00	EBER1	HOCH1	DA-EBER2	
14	54	23.02.2008	11:00	GRUM1	EBER1	DA-GRUM1	
14	56	23.02.2008	15:45	DISB1	GEIS2	DA-DISB1	
