1	2	22.09.2007	14:00	HAHN1	TVHP2	DA-HAHN1	
1	3	22.09.2007	18:00	TREB1	SGWE2	DA-TREB1	
2	5	29.09.2007	18:00	SGWE2	HAHN1	DA-SGWE1	
2	7	29.09.2007	16:00	TVGG1	TAUN1	DA-TVGG1	
3	9	27.10.2007	14:00	TAUN1	TREB1	DA-TAUN1	
3	11	27.10.2007	16:00	TVGG1	TVHP2	DA-TVGG1	
4	13	03.11.2007	12:00	SGWE2	TVGG1	DA-SGWE1	
4	14	03.11.2007	12:00	TVHP2	TAUN1	DA-TVHP1	
4	15	03.11.2007	16:00	TREB1	HAHN1	DA-TREB1	
5	17	10.11.2007	14:00	TAUN1	HAHN1	DA-TAUN1	
5	18	10.11.2007	12:00	TVHP2	SGWE2	DA-TVHP1	
6	21	17.11.2007	14:00	TAUN1	SGWE2	DA-TAUN1	
6	23	17.11.2007	13:00	TREB1	TVGG1	DA-TREB2	
7	26	24.11.2007	12:00	TVHP2	TREB1	DA-TVHP1	
7	27	24.11.2007	16:00	TVGG1	HAHN1	DA-TVGG1	
8	30	08.12.2007	12:00	TVHP2	HAHN1	DA-TVHP1	
8	31	08.12.2007	18:00	SGWE2	TREB1	DA-SGWE1	
9	33	15.12.2007	14:00	HAHN1	SGWE2	DA-HAHN1	
9	35	15.12.2007	14:00	TAUN1	TVGG1	DA-TAUN1	
10	37	19.01.2008	09:00	TREB1	TAUN1	DA-TREB1	
10	39	19.01.2008	12:00	TVHP2	TVGG1	DA-TVHP1	
11	41	26.01.2008	16:00	TVGG1	SGWE2	DA-TVGG1	
11	42	26.01.2008	14:00	TAUN1	TVHP2	DA-TAUN1	
11	43	26.01.2008	14:00	HAHN1	TREB1	DA-HAHN1	
12	45	09.02.2008	14:00	HAHN1	TAUN1	DA-HAHN1	
12	46	10.02.2008	10:00	SGWE2	TVHP2	DA-SGWE1	
13	49	17.02.2008	18:00	SGWE2	TAUN1	DA-SGWE2	
13	51	16.02.2008	16:00	TVGG1	TREB1	DA-TVGG1	
14	54	23.02.2008	09:00	TREB1	TVHP2	DA-TREB1	
14	55	23.02.2008	14:00	HAHN1	TVGG1	DA-HAHN1	
