1	1	22.09.2007	12:00	SKGR1	TVLA1	DA-SKGR2	
1	2	23.09.2007	12:00	DIEB1	DRHN1	DA-DIEB3	
1	3	22.09.2007	13:00	GEIS1	BGOR1	DA-GEIS1	
1	4	23.09.2007	16:00	BCDA1	BENS1	DA-BCDA1	
2	5	30.09.2007	14:00	BGOR1	DIEB1	DA-BGOR1	
2	6	30.09.2007	12:00	DRHN1	BCDA1	DA-DRHN1	
2	7	29.09.2007	14:00	BENS1	SKGR1	DA-BENS1	
2	8	30.09.2007	15:00	TVLA1	GEIS1	DA-TVLA1	
3	9	27.10.2007	14:00	SKGR1	GEIS1	DA-SKGR1	
3	10	27.10.2007	12:00	DIEB1	TVLA1	DA-DIEB1	
3	11	27.10.2007	14:00	BENS1	DRHN1	DA-BENS1	
3	12	21.10.2007	16:00	BCDA1	BGOR1	DA-BCDA1	
4	13	04.11.2007	11:00	BGOR1	BENS1	DA-BGOR1	
4	14	03.11.2007	10:00	DRHN1	SKGR1	DA-DRHN1	
4	15	04.11.2007	13:00	GEIS1	DIEB1	DA-GEIS1	
4	16	04.11.2007	11:00	TVLA1	BCDA1	DA-TVLA2	
5	17	10.11.2007	12:00	SKGR1	DIEB1	DA-SKGR2	
5	18	11.11.2007	13:30	DRHN1	BGOR1	DA-DRHN1	
5	19	11.11.2007	15:00	BENS1	TVLA1	DA-BENS2	
5	20	11.11.2007	16:00	BCDA1	GEIS1	DA-BCDA1	
6	21	17.11.2007	14:00	SKGR1	BGOR1	DA-SKGR2	
6	22	17.11.2007	12:00	DIEB1	BCDA1	DA-DIEB1	
6	23	17.11.2007	13:00	GEIS1	BENS1	DA-GEIS1	
6	24	18.11.2007	14:00	TVLA1	DRHN1	DA-TVLA2	
7	25	24.11.2007	12:00	BGOR1	TVLA1	DA-BGOR2	
7	26	25.11.2007	14:00	DRHN1	GEIS1	DA-DRHN1	
7	27	25.11.2007	16:00	BENS1	DIEB1	DA-BENS2	
7	28	24.11.2007	17:00	BCDA1	SKGR1	DA-BCDA1	
8	29	09.12.2007	11:00	TVLA1	SKGR1	DA-TVLA2	
8	30	09.12.2007	14:00	DRHN1	DIEB1	DA-DRHN1	
8	31	08.12.2007	16:00	BGOR1	GEIS1	DA-BGOR1	
8	32	08.12.2007	14:00	BENS1	BCDA1	DA-BENS1	
9	33	15.12.2007	09:00	DIEB1	BGOR1	DA-DIEB1	
9	34	16.12.2007	12:00	BCDA1	DRHN1	DA-BCDA1	
9	35	15.12.2007	14:00	SKGR1	BENS1	DA-SKGR2	
9	36	15.12.2007	13:00	GEIS1	TVLA1	DA-GEIS1	
10	37	19.01.2008	15:00	GEIS1	SKGR1	DA-GEIS1	
10	38	20.01.2008	11:00	TVLA1	DIEB1	DA-TVLA2	
10	39	20.01.2008	12:00	DRHN1	BENS1	DA-DRHN1	
10	40	20.01.2008	13:00	BGOR1	BCDA1	DA-BGOR1	
11	41	27.01.2008	16:00	BENS1	BGOR1	DA-BENS2	
11	42	26.01.2008	12:00	SKGR1	DRHN1	DA-SKGR1	
11	43	26.01.2008	11:00	DIEB1	GEIS1	DA-DIEB3	
11	44	27.01.2008	14:00	BCDA1	TVLA1	DA-BCDA1	
12	45	09.02.2008	11:00	DIEB1	SKGR1	DA-DIEB3	
12	46	09.02.2008	16:00	BGOR1	DRHN1	DA-BGOR1	
12	47	09.02.2008	16:00	TVLA1	BENS1	DA-TVLA1	
12	48	09.02.2008	13:00	GEIS1	BCDA1	DA-GEIS1	
13	49	16.02.2008	16:00	BGOR1	SKGR1	DA-BGOR2	
13	50	17.02.2008	14:00	BCDA1	DIEB1	DA-BCDA1	
13	51	17.02.2008	13:00	BENS1	GEIS1	DA-BENS2	
13	52	17.02.2008	14:00	DRHN1	TVLA1	DA-DRHN1	
14	53	23.02.2008	16:30	TVLA1	BGOR1	DA-TVLA1	
14	54	24.02.2008	15:00	GEIS1	DRHN1	DA-GEIS1	
14	55	24.02.2008	12:00	DIEB1	BENS1	DA-DIEB3	
14	56	23.02.2008	14:00	SKGR1	BCDA1	DA-SKGR2	
