1	1	22.09.2007	14:00	SKGR2	ZEIL1	DA-SKGR2	
1	2	22.09.2007	14:00	SCCP1	TVHP1	DA-SCCP1	
1	3	23.09.2007	12:00	SGWE2	WAST1	DA-SGWE1	
1	4	16.09.2007	15:00	ZOTZ1	WALL1	DA-ZOTZ1	
2	5	30.09.2007	17:00	WAST1	SCCP1	DA-WAST1	
2	6	29.09.2007	14:00	TVHP1	ZOTZ1	DA-TVHP1	
2	7	30.09.2007	12:30	WALL1	SKGR2	DA-WALL1	
2	8	29.09.2007	12:00	ZEIL1	SGWE2	DA-ZEIL1	
3	9	27.10.2007	12:00	SKGR2	SGWE2	DA-SKGR1	
3	10	27.10.2007	14:00	SCCP1	ZEIL1	DA-SCCP1	
3	11	28.10.2007	12:30	WALL1	TVHP1	DA-WALL1	
3	12	27.10.2007	14:00	ZOTZ1	WAST1	DA-ZOTZ1	
4	13	03.11.2007	00:00	WAST1	WALL1	DA-WAST1	
4	14	26.01.2008	10:00	TVHP1	SKGR2	DA-TVHP1	
4	15	03.11.2007	18:00	SGWE2	SCCP1	DA-SGWE1	
4	16	03.11.2007	12:00	ZEIL1	ZOTZ1	DA-ZEIL1	
5	17	10.11.2007	14:00	SKGR2	SCCP1	DA-SKGR2	
5	18	10.11.2007	16:00	TVHP1	WAST1	DA-TVHP1	
5	19	11.11.2007	12:30	WALL1	ZEIL1	DA-WALL1	
5	20	11.11.2007	15:00	ZOTZ1	SGWE2	DA-ZOTZ1	
6	21	18.11.2007	12:00	SKGR2	WAST1	DA-SKGR1	
6	22	18.11.2007	10:30	SCCP1	ZOTZ1	DA-SCCP1	
6	23	18.11.2007	12:00	SGWE2	WALL1	DA-SGWE1	
6	24	17.11.2007	12:00	ZEIL1	TVHP1	DA-ZEIL1	
7	25	25.11.2007	14:00	WAST1	ZEIL1	DA-WAST1	
7	26	24.11.2007	18:00	TVHP1	SGWE2	DA-TVHP1	
7	27	25.11.2007	12:30	WALL1	SCCP1	DA-WALL1	
7	28	24.11.2007	14:00	ZOTZ1	SKGR2	DA-ZOTZ1	
8	29	08.12.2007	12:00	ZEIL1	SKGR2	DA-ZEIL1	
8	30	08.12.2007	18:00	TVHP1	SCCP1	DA-TVHP1	
8	31	09.12.2007	17:00	WAST1	SGWE2	DA-WAST1	
8	32	09.12.2007	12:30	WALL1	ZOTZ1	DA-WALL1	
9	33	15.12.2007	14:00	SCCP1	WAST1	DA-SCCP1	
9	34	15.12.2007	13:00	ZOTZ1	TVHP1	DA-ZOTZ2	
9	35	16.12.2007	12:00	SKGR2	WALL1	DA-SKGR1	
9	36	16.12.2007	16:00	SGWE2	ZEIL1	DA-SGWE1	
10	37	20.01.2008	12:00	SGWE2	SKGR2	DA-SGWE1	
10	38	19.01.2008	12:00	ZEIL1	SCCP1	DA-ZEIL1	
10	39	19.01.2008	16:00	TVHP1	WALL1	DA-TVHP1	
10	40	13.01.2008	15:30	WAST1	ZOTZ1	DA-WAST1	
11	41	27.01.2008	12:30	WALL1	WAST1	DA-WALL1	
11	42	04.11.2007	14:00	SKGR2	TVHP1	DA-SKGR1	
11	43	26.01.2008	14:00	SCCP1	SGWE2	DA-SCCP1	
11	44	01.03.2008	14:00	ZOTZ1	ZEIL1	DA-ZOTZ1	
12	45	06.02.2008	18:30	SCCP1	SKGR2	DA-SCCP1	
12	46	10.02.2008	16:00	WAST1	TVHP1	DA-WAST1	
12	47	09.02.2008	12:00	ZEIL1	WALL1	DA-ZEIL1	
12	48	10.02.2008	14:00	SGWE2	ZOTZ1	DA-SGWE1	
13	49	17.02.2008	15:00	WAST1	SKGR2	DA-WAST1	
13	50	16.02.2008	14:00	ZOTZ1	SCCP1	DA-ZOTZ1	
13	51	17.02.2008	12:30	WALL1	SGWE2	DA-WALL1	
13	52	16.02.2008	16:00	TVHP1	ZEIL1	DA-TVHP1	
14	53	23.02.2008	12:00	ZEIL1	WAST1	DA-ZEIL1	
14	54	24.02.2008	10:00	SGWE2	TVHP1	DA-SGWE1	
14	55	23.02.2008	14:00	SCCP1	WALL1	DA-SCCP1	
14	56	23.02.2008	16:00	SKGR2	ZOTZ1	DA-SKGR2	
