1	1	22.09.2007	16:30	DISB1	TREB1	DA-DISB1	
1	2	22.09.2007	14:00	TVGG1	TVLA2	DA-TVGG1	
2	5	29.09.2007	10:00	GERN1	TVGG1	DA-GERN1	
2	7	29.09.2007	16:00	BENS1	DISB1	DA-BENS1	
3	10	27.10.2007	14:00	TVGG1	TREB1	DA-TVGG1	
3	11	28.10.2007	14:00	BENS1	TVLA2	DA-BENS2	
4	13	03.11.2007	10:00	GERN1	BENS1	DA-GERN1	
4	14	04.11.2007	09:00	TVLA2	DISB1	DA-TVLA2	
5	17	10.11.2007	14:30	DISB1	TVGG1	DA-DISB1	
5	18	11.11.2007	11:00	TVLA2	GERN1	DA-TVLA2	
5	19	11.11.2007	11:00	BENS1	TREB1	DA-BENS2	
6	21	17.11.2007	16:30	DISB1	GERN1	DA-DISB1	
6	24	17.11.2007	15:00	TREB1	TVLA2	DA-TREB2	
7	25	24.11.2007	17:00	GERN1	TREB1	DA-GERN1	
7	27	25.11.2007	14:00	BENS1	TVGG1	DA-BENS2	
8	29	08.12.2007	09:00	TREB1	DISB1	DA-TREB1	
8	30	08.12.2007	15:30	TVLA2	TVGG1	DA-TVLA2	
9	33	15.12.2007	14:00	TVGG1	GERN1	DA-TVGG1	
9	35	15.12.2007	17:30	DISB1	BENS1	DA-DISB1	
10	38	19.01.2008	10:30	TREB1	TVGG1	DA-TREB1	
10	39	19.01.2008	14:30	TVLA2	BENS1	DA-TVLA1	
11	41	27.01.2008	12:00	BENS1	GERN1	DA-BENS2	
11	42	26.01.2008	15:45	DISB1	TVLA2	DA-DISB1	
12	45	09.02.2008	14:00	TVGG1	DISB1	DA-TVGG1	
12	46	10.02.2008	17:00	GERN1	TVLA2	DA-GERN1	
12	47	09.02.2008	19:00	TREB1	BENS1	DA-TREB1	
13	49	16.02.2008	10:00	GERN1	DISB1	DA-GERN1	
13	52	17.02.2008	11:00	TVLA2	TREB1	DA-TVLA2	
14	53	23.02.2008	10:30	TREB1	GERN1	DA-TREB1	
14	55	23.02.2008	14:00	TVGG1	BENS1	DA-TVGG1	
