1	1	22.09.2007	15:00	SVDA1	BGOR1	DA-SVDA1	
1	2	23.09.2007	14:00	DIEB1	DRHN1	DA-DIEB3	
1	3	15.09.2007	17:00	BCDA1	BERG1	DA-BCDA1	
1	4	22.09.2007	14:00	TVLA2	HOCH1	DA-TVLA2	
2	5	29.09.2007	16:00	BERG1	DIEB1	DA-BERG1	
2	6	30.09.2007	14:00	DRHN1	TVLA2	DA-DRHN1	
2	7	30.09.2007	16:00	HOCH1	SVDA1	DA-HOCH1	
2	8	30.09.2007	16:00	BGOR1	BCDA1	DA-BGOR1	
3	9	27.10.2007	15:00	SVDA1	BCDA1	DA-SVDA1	
3	10	27.10.2007	14:00	DIEB1	BGOR1	DA-DIEB1	
3	11	28.10.2007	11:30	HOCH1	DRHN1	DA-HOCH1	
3	12	27.10.2007	18:00	TVLA2	BERG1	DA-TVLA1	
4	13	03.11.2007	10:00	BERG1	HOCH1	DA-BERG1	
4	14	03.11.2007	12:00	DRHN1	SVDA1	DA-DRHN1	
4	15	04.11.2007	10:00	BCDA1	DIEB1	DA-BCDA1	
4	16	04.11.2007	13:00	BGOR1	TVLA2	DA-BGOR1	
5	17	10.11.2007	15:00	SVDA1	DIEB1	DA-SVDA1	
5	18	11.11.2007	11:30	DRHN1	BERG1	DA-DRHN1	
5	19	11.11.2007	14:30	HOCH1	BGOR1	DA-HOCH1	
5	20	11.11.2007	11:00	TVLA2	BCDA1	DA-TVLA1	
6	21	17.11.2007	15:00	SVDA1	BERG1	DA-SVDA1	
6	22	17.11.2007	16:00	DIEB1	TVLA2	DA-DIEB1	
6	23	18.11.2007	10:00	BCDA1	HOCH1	DA-BCDA1	
6	24	17.11.2007	14:00	BGOR1	DRHN1	DA-BGOR1	
7	25	24.11.2007	12:30	BERG1	BGOR1	DA-BERG1	
7	26	25.11.2007	16:00	DRHN1	BCDA1	DA-DRHN1	
7	27	25.11.2007	11:30	HOCH1	DIEB1	DA-HOCH1	
7	28	25.11.2007	16:00	TVLA2	SVDA1	DA-TVLA1	
8	29	08.12.2007	18:00	BGOR1	SVDA1	DA-BGOR1	
8	30	09.12.2007	16:00	DRHN1	DIEB1	DA-DRHN1	
8	31	08.12.2007	16:00	BERG1	BCDA1	DA-BERG2	
8	32	09.12.2007	16:00	HOCH1	TVLA2	DA-HOCH1	
9	33	15.12.2007	15:00	DIEB1	BERG1	DA-DIEB1	
9	34	15.12.2007	16:00	TVLA2	DRHN1	DA-TVLA2	
9	35	15.12.2007	15:00	SVDA1	HOCH1	DA-SVDA1	
9	36	16.12.2007	14:00	BCDA1	BGOR1	DA-BCDA1	
10	37	20.01.2008	10:00	BCDA1	SVDA1	DA-BCDA1	
10	38	20.01.2008	15:00	BGOR1	DIEB1	DA-BGOR1	
10	39	20.01.2008	18:00	DRHN1	HOCH1	DA-DRHN1	
10	40	19.01.2008	12:00	BERG1	TVLA2	DA-BERG2	
11	41	27.01.2008	14:00	HOCH1	BERG1	DA-HOCH1	
11	42	26.01.2008	15:00	SVDA1	DRHN1	DA-SVDA1	
11	43	26.01.2008	13:00	DIEB1	BCDA1	DA-DIEB3	
11	44	26.01.2008	16:00	TVLA2	BGOR1	DA-TVLA1	
12	45	09.02.2008	17:00	DIEB1	SVDA1	DA-DIEB3	
12	46	10.02.2008	16:00	BERG1	DRHN1	DA-BERG2	
12	47	09.02.2008	18:00	BGOR1	HOCH1	DA-BGOR1	
12	48	10.02.2008	16:00	BCDA1	TVLA2	DA-BCDA1	
13	49	17.02.2008	13:00	BERG1	SVDA1	DA-BERG1	
13	50	16.02.2008	16:30	TVLA2	DIEB1	DA-TVLA1	
13	51	13.01.2008	14:00	HOCH1	BCDA1	DA-HOCH1	
13	52	17.02.2008	16:00	DRHN1	BGOR1	DA-DRHN1	
14	53	23.02.2008	12:00	BGOR1	BERG1	DA-BGOR1	
14	54	24.02.2008	14:00	BCDA1	DRHN1	DA-BCDA1	
14	55	24.02.2008	16:00	DIEB1	HOCH1	DA-DIEB3	
14	56	23.02.2008	15:00	SVDA1	TVLA2	DA-SVDA1	
