1	3	22.09.2007	10:00	GERN1	WALL1	DA-GERN1	
2	5	30.09.2007	14:30	WALL1	WAST1	DA-WALL1	
2	8	30.09.2007	12:00	TGRS1	GERN1	DA-TGRS1	
3	10	28.10.2007	19:00	WAST1	TGRS1	DA-WAST1	
4	13	04.11.2007	14:30	WALL1	TVGG1	DA-WALL1	
4	15	03.11.2007	17:30	GERN1	WAST1	DA-GERN1	
5	19	10.11.2007	18:00	TVGG1	TGRS1	DA-TVGG1	
6	23	17.11.2007	10:00	GERN1	TVGG1	DA-GERN1	
7	25	25.11.2007	14:30	WALL1	TGRS1	DA-WALL1	
7	27	24.11.2007	18:00	TVGG1	WAST1	DA-TVGG1	
8	31	09.12.2007	14:30	WALL1	GERN1	DA-WALL1	
9	33	13.01.2008	17:30	WAST1	WALL1	DA-WAST1	
9	36	22.12.2007	16:00	GERN1	TGRS1	DA-GERN1	
10	38	20.01.2008	13:00	TGRS1	WAST1	DA-TGRS1	
11	41	26.01.2008	18:00	TVGG1	WALL1	DA-TVGG1	
11	43	27.01.2008	17:00	WAST1	GERN1	DA-WAST1	
12	47	10.02.2008	15:00	TGRS1	TVGG1	DA-TGRS1	
13	51	16.02.2008	18:00	TVGG1	GERN1	DA-TVGG1	
14	53	24.02.2008	13:00	TGRS1	WALL1	DA-TGRS1	
14	55	24.02.2008	15:00	WAST1	TVGG1	DA-WAST1	
