1	1	23.09.2007	10:00	DRHN1	ZEIL1	DA-DRHN1	
1	2	23.09.2007	14:00	SGWE1	GEIS1	DA-SGWE1	
1	4	22.09.2007	14:00	BGOR1	BENS1	DA-BGOR1	
2	6	29.09.2007	19:00	GEIS1	BGOR1	DA-GEIS1	
2	7	30.09.2007	13:00	BENS1	DRHN1	DA-BENS2	
2	8	29.09.2007	18:00	ZEIL1	BCDA1	DA-ZEIL1	
3	9	28.10.2007	10:00	DRHN1	BCDA1	DA-DRHN1	
3	10	28.10.2007	16:00	SGWE1	ZEIL1	DA-SGWE2	
3	11	28.10.2007	16:00	BENS1	GEIS1	DA-BENS2	
4	14	04.11.2007	17:00	GEIS1	DRHN1	DA-GEIS1	
4	15	04.11.2007	12:00	BCDA1	SGWE1	DA-BCDA1	
4	16	03.11.2007	18:00	ZEIL1	BGOR1	DA-ZEIL1	
5	17	11.11.2007	09:30	DRHN1	SGWE1	DA-DRHN1	
5	19	11.11.2007	17:00	BENS1	ZEIL1	DA-BENS2	
5	20	11.11.2007	15:00	BGOR1	BCDA1	DA-BGOR1	
6	22	18.11.2007	16:00	SGWE1	BGOR1	DA-SGWE1	
6	23	18.11.2007	12:00	BCDA1	BENS1	DA-BCDA1	
6	24	17.11.2007	18:00	ZEIL1	GEIS1	DA-ZEIL1	
7	26	24.11.2007	15:00	GEIS1	BCDA1	DA-GEIS1	
7	27	24.11.2007	14:00	BENS1	SGWE1	DA-BENS1	
7	28	24.11.2007	16:00	BGOR1	DRHN1	DA-BGOR2	
8	29	08.12.2007	18:00	ZEIL1	DRHN1	DA-ZEIL1	
8	30	08.12.2007	17:00	GEIS1	SGWE1	DA-GEIS1	
8	32	09.12.2007	16:00	BENS1	BGOR1	DA-BENS2	
9	34	16.12.2007	15:00	BGOR1	GEIS1	DA-BGOR1	
9	35	16.12.2007	12:00	DRHN1	BENS1	DA-DRHN1	
9	36	15.12.2007	15:00	BCDA1	ZEIL1	DA-BCDA1	
10	37	20.01.2008	12:00	BCDA1	DRHN1	DA-BCDA1	
10	38	19.01.2008	18:00	ZEIL1	SGWE1	DA-ZEIL1	
10	39	19.01.2008	17:00	GEIS1	BENS1	DA-GEIS1	
11	42	26.01.2008	10:00	DRHN1	GEIS1	DA-DRHN1	
11	43	27.01.2008	12:00	SGWE1	BCDA1	DA-SGWE1	
11	44	27.01.2008	13:00	BGOR1	ZEIL1	DA-BGOR1	
12	45	10.02.2008	16:00	SGWE1	DRHN1	DA-SGWE1	
12	47	09.02.2008	18:00	ZEIL1	BENS1	DA-ZEIL1	
12	48	10.02.2008	14:00	BCDA1	BGOR1	DA-BCDA1	
13	50	16.02.2008	18:00	BGOR1	SGWE1	DA-BGOR2	
13	51	17.02.2008	15:00	BENS1	BCDA1	DA-BENS2	
13	52	16.02.2008	17:00	GEIS1	ZEIL1	DA-GEIS1	
14	54	24.02.2008	16:00	BCDA1	GEIS1	DA-BCDA1	
14	55	24.02.2008	12:00	SGWE1	BENS1	DA-SGWE1	
14	56	24.02.2008	10:00	DRHN1	BGOR1	DA-DRHN1	
