1	1	22.09.2007	16:00	TAUN1	NAUR1	DA-TAUN1	
2	6	30.09.2007	13:00	BABH1	BCWI1	DA-BABH1	
3	12	27.10.2007	12:00	BCWI1	DRAG1	DA-BCWI1	
4	14	03.11.2007	15:30	BABH1	TAUN1	DA-BABH1	
4	16	04.11.2007		NAUR1	BCWI1	DA-NAUR1	
5	18	11.11.2007	17:00	BABH1	DRAG1	DA-BABH1	
6	21	17.11.2007	16:00	TAUN1	DRAG1	DA-TAUN1	
6	24	18.11.2007		NAUR1	BABH1	DA-NAUR1	
7	25	25.11.2007	17:00	DRAG1	NAUR1	DA-DRAG1	
7	28	25.11.2007	15:00	BCWI1	TAUN1	DA-BCWI1	
8	29	09.12.2007		NAUR1	TAUN1	DA-NAUR1	
9	34	15.12.2007	12:00	BCWI1	BABH1	DA-BCWI1	
10	40	19.01.2008	17:00	DRAG1	BCWI1	DA-DRAG1	
11	42	26.01.2008	16:00	TAUN1	BABH1	DA-TAUN1	
11	44	26.01.2008	18:00	BCWI1	NAUR1	DA-BCWI1	
12	46	10.02.2008	17:00	DRAG1	BABH1	DA-DRAG1	
13	49	16.02.2008	17:00	DRAG1	TAUN1	DA-DRAG1	
13	52	17.02.2008	13:00	BABH1	NAUR1	DA-BABH1	
14	53	24.02.2008		NAUR1	DRAG1	DA-NAUR1	
14	56	23.02.2008	16:00	TAUN1	BCWI1	DA-TAUN1	
