1	2	06.10.2007	10:00	TVHP1	BASD1	DA-TVHP1	
2	6	30.09.2007	11:00	BASD1	ZOTZ1	DA-BASD1	
4	14	04.11.2007	11:00	BASD1	DISB1	DA-BASD1	
5	17	10.11.2007	16:30	DISB1	TVHP1	DA-DISB1	
6	22	19.01.2008	20:00	TVHP1	ZOTZ1	DA-TVHP1	
7	28	24.11.2007	16:00	ZOTZ1	DISB1	DA-ZOTZ1	
8	30	09.12.2007	11:00	BASD1	TVHP1	DA-BASD1	
9	34	15.12.2007	15:00	ZOTZ1	BASD1	DA-ZOTZ2	
11	42	26.01.2008	17:30	DISB1	BASD1	DA-DISB1	
12	45	09.02.2008	16:00	TVHP1	DISB1	DA-TVHP1	
13	50	16.02.2008	16:00	ZOTZ1	TVHP1	DA-ZOTZ1	
14	56	23.02.2008	17:30	DISB1	ZOTZ1	DA-DISB1	
