1	1	22.09.2007	18:00	SKGR1	HOCH1	DA-SKGR2	
1	2	23.09.2007	16:00	SGWE1	EBER1	DA-SGWE1	
1	3	23.09.2007	12:00	GRUM1	DRAG1	DA-GRUM1	
1	4	22.09.2007	20:30	GERN1	BENS1	DA-GERN1	
2	5	30.09.2007	15:00	DRAG1	SGWE1	DA-DRAG1	
2	6	30.09.2007	14:00	EBER1	GERN1	DA-EBER1	
2	7	30.09.2007	15:00	BENS1	SKGR1	DA-BENS2	
2	8	30.09.2007	18:00	HOCH1	GRUM1	DA-HOCH1	
3	9	27.10.2007	16:00	SKGR1	GRUM1	DA-SKGR1	
3	10	28.10.2007	18:00	SGWE1	HOCH1	DA-SGWE2	
3	11	28.10.2007	18:00	BENS1	EBER1	DA-BENS2	
3	12	27.10.2007	19:00	GERN1	DRAG1	DA-GERN1	
4	13	04.11.2007	19:00	DRAG1	BENS1	DA-DRAG1	
4	14	04.11.2007	16:00	EBER1	SKGR1	DA-EBER1	
4	15	04.11.2007	18:00	GRUM1	SGWE1	DA-GRUM1	
4	16	04.11.2007	16:00	HOCH1	GERN1	DA-HOCH1	
5	17	10.11.2007	16:00	SKGR1	SGWE1	DA-SKGR2	
5	18	11.11.2007	14:00	EBER1	DRAG1	DA-EBER1	
5	19	11.11.2007	19:00	BENS1	HOCH1	DA-BENS2	
5	20	10.11.2007	20:30	GERN1	GRUM1	DA-GERN1	
6	21	18.11.2007	14:00	SKGR1	DRAG1	DA-SKGR1	
6	22	18.11.2007	18:00	SGWE1	GERN1	DA-SGWE1	
6	23	18.11.2007	13:00	GRUM1	BENS1	DA-GRUM1	
6	24	18.11.2007	16:00	HOCH1	EBER1	DA-HOCH1	
7	25	25.11.2007	19:00	DRAG1	HOCH1	DA-DRAG1	
7	26	25.11.2007	14:00	EBER1	GRUM1	DA-EBER1	
7	27	24.11.2007	16:00	BENS1	SGWE1	DA-BENS1	
7	28	24.11.2007	19:00	GERN1	SKGR1	DA-GERN1	
8	29	09.12.2007	18:00	HOCH1	SKGR1	DA-HOCH1	
8	30	09.12.2007	14:00	EBER1	SGWE1	DA-EBER1	
8	31	09.12.2007	15:00	DRAG1	GRUM1	DA-DRAG1	
8	32	09.12.2007	18:00	BENS1	GERN1	DA-BENS2	
9	33	16.12.2007	18:00	SGWE1	DRAG1	DA-SGWE1	
9	34	22.12.2007	18:00	GERN1	EBER1	DA-GERN1	
9	35	16.12.2007	20:00	SKGR1	BENS1	DA-SKGR1	
9	36	16.12.2007	13:00	GRUM1	HOCH1	DA-GRUM1	
10	37	20.01.2008	17:00	GRUM1	SKGR1	DA-GRUM1	
10	38	13.01.2008	16:00	HOCH1	SGWE1	DA-HOCH1	
10	39	20.01.2008	14:00	EBER1	BENS1	DA-EBER1	
10	40	20.01.2008	15:00	DRAG1	GERN1	DA-DRAG1	
11	41	27.01.2008	18:00	BENS1	DRAG1	DA-BENS2	
11	42	27.01.2008	14:00	SKGR1	EBER1	DA-SKGR2	
11	43	27.01.2008	14:00	SGWE1	GRUM1	DA-SGWE1	
11	44	26.01.2008	19:00	GERN1	HOCH1	DA-GERN1	
12	45	10.02.2008	18:00	SGWE1	SKGR1	DA-SGWE1	
12	46	10.02.2008	19:00	DRAG1	EBER1	DA-DRAG1	
12	47	10.02.2008	18:00	HOCH1	BENS1	DA-HOCH1	
12	48	03.02.2008	18:00	GRUM1	GERN1	DA-GRUM1	
13	49	17.02.2008	15:00	DRAG1	SKGR1	DA-DRAG1	
13	50	16.02.2008	19:00	GERN1	SGWE1	DA-GERN1	
13	51	17.02.2008	19:00	BENS1	GRUM1	DA-BENS2	
13	52	16.02.2008	16:00	EBER1	HOCH1	DA-EBER2	
14	53	24.02.2008	14:00	HOCH1	DRAG1	DA-HOCH1	
14	54	23.02.2008	13:00	GRUM1	EBER1	DA-GRUM1	
14	55	24.02.2008	14:00	SGWE1	BENS1	DA-SGWE1	
14	56	24.02.2008	16:00	SKGR1	GERN1	DA-SKGR1	
