1	1	28.10.2007	11:00	BABH3	TVLA3	DA-BABH1	
1	3	26.10.2007	14:30	SGWE3	SGWE2	DA-SGWE2	
2	5	03.11.2007		SGWE2		DA-SGWE1	
2	6	00.00.2000	00:00	DRHN2		DA-DRHN1	
2	8	04.11.2007	15:00	TVLA3	SGWE3	DA-TVLA2	
3	9	11.11.2007	13:00	BABH3	SGWE3	DA-BABH1	
4	13	17.11.2007		SGWE2		DA-SGWE1	
4	14	17.11.2007	09:00	DRHN2	BABH3	DA-DRHN1	
4	15	17.11.2007		SGWE3		DA-SGWE1	
4	16	17.11.2007	00:00	TVLA3		DA-TVLA	
5	17	25.11.2007		BABH3		DA-BABH1	
5	18	25.11.2007	12:00	DRHN2	SGWE2	DA-DRHN1	
6	21	02.12.2007	13:00	BABH3	SGWE2	DA-BABH1	
6	23	01.12.2007		SGWE3		DA-SGWE1	
6	24	01.12.2007	14:30	TVLA3	DRHN2	DA-TVLA1	
7	25	08.12.2007	12:00	SGWE2	TVLA3	DA-SGWE1	
7	26	09.12.2007	12:00	DRHN2	SGWE3	DA-DRHN1	
8	29	15.12.2007	14:00	TVLA3	BABH3	DA-TVLA2	
8	30	00.00.2000	00:00	DRHN2		DA-DRHN1	
8	31	14.12.2007	14:30	SGWE2	SGWE3	DA-SGWE2	
9	35	27.01.2008		BABH3		DA-BABH1	
9	36	26.01.2008	10:00	SGWE3	TVLA3	DA-SGWE1	
10	37	10.02.2008	12:00	SGWE3	BABH3	DA-SGWE1	
10	38	09.02.2008		TVLA3		DA-TVLA1	
10	39	00.00.2000	00:00	DRHN2		DA-DRHN1	
10	40	09.02.2008		SGWE2		DA-SGWE1	
11	42	20.01.2008	11:00	BABH3	DRHN2	DA-BABH1	
12	46	23.02.2008	10:00	SGWE2	DRHN2	DA-SGWE1	
12	47	23.02.2008		TVLA3		DA-TVLA1	
12	48	23.02.2008		SGWE3		DA-SGWE1	
13	49	01.03.2008	10:00	SGWE2	BABH3	DA-SGWE1	
13	52	02.03.2008	16:00	DRHN2	TVLA3	DA-DRHN1	
14	53	09.03.2008	14:00	TVLA3	SGWE2	DA-TVLA1	
14	54	08.03.2008	10:00	SGWE3	DRHN2	DA-SGWE1	
14	56	09.03.2008		BABH3		DA-BABH1	
