1	1	28.10.2007		BABH2		DA-BABH1	
1	2	27.10.2007	16:00	SCCP1	TVHP1	DA-SCCP1	
1	3	27.10.2007	00:00	BERG1		DA-BERG1	
1	4	28.10.2007	12:00	SGWE4	DRAG1	DA-SGWE1	
2	6	19.01.2008	10:00	TVHP1	SGWE4	DA-TVHP1	
2	7	04.11.2007	13:00	DRAG1	BABH2	DA-DRAG1	
3	9	11.11.2007	11:00	BABH2	BERG1	DA-BABH1	
3	10	10.11.2007	14:00	SCCP1		DA-SCCP1	
3	11	10.11.2007	13:00	DRAG1	TVHP1	DA-DRAG1	
3	12	10.11.2007		SGWE4		DA-SGWE1	
4	14	17.11.2007	12:00	TVHP1	BABH2	DA-TVHP1	
4	15	18.11.2007	12:00	BERG1	SCCP1	DA-BERG2	
5	17	25.11.2007	09:00	BABH2	SCCP1	DA-BABH1	
5	18	24.11.2007	10:00	TVHP1		DA-TVHP1	
5	19	24.11.2007	11:00	DRAG1		DA-DRAG1	
5	20	25.11.2007	10:00	SGWE4	BERG1	DA-SGWE1	
6	21	02.12.2007		BABH2		DA-BABH1	
6	22	02.12.2007	14:30	SCCP1	SGWE4	DA-SCCP1	
6	23	01.12.2007	10:00	BERG1	DRAG1	DA-BERG1	
7	26	08.12.2007	10:00	TVHP1	BERG1	DA-TVHP1	
7	27	08.12.2007	13:00	DRAG1	SCCP1	DA-DRAG1	
7	28	09.12.2007	12:00	SGWE4	BABH2	DA-SGWE1	
8	30	15.12.2007	10:00	TVHP1	SCCP1	DA-TVHP1	
8	32	16.12.2007	15:00	DRAG1	SGWE4	DA-DRAG1	
9	33	26.01.2008	14:00	SCCP1		DA-SCCP1	
9	34	27.01.2008	10:00	SGWE4	TVHP1	DA-SGWE1	
9	35	27.01.2008	13:00	BABH2	DRAG1	DA-BABH1	
9	36	27.01.2008	00:00	BERG1		DA-BERG2	
10	37	10.02.2008	12:00	BERG1	BABH2	DA-BERG2	
10	39	09.02.2008	12:00	TVHP1	DRAG1	DA-TVHP1	
11	41	16.02.2008	11:00	DRAG1		DA-DRAG1	
11	42	17.02.2008	11:00	BABH2	TVHP1	DA-BABH1	
11	43	17.02.2008	10:30	SCCP1	BERG1	DA-SCCP1	
11	44	16.02.2008		SGWE4		DA-SGWE1	
12	45	23.02.2008	12:00	SCCP1	BABH2	DA-SCCP1	
12	48	23.02.2008	12:00	BERG1	SGWE4	DA-BERG2	
13	50	02.03.2008	14:00	SGWE4	SCCP1	DA-SGWE1	
13	51	02.03.2008	15:00	DRAG1	BERG1	DA-DRAG1	
13	52	01.03.2008	12:00	TVHP1		DA-TVHP1	
14	54	09.03.2008	15:00	BERG1	TVHP1	DA-BERG2	
14	55	09.03.2008	10:30	SCCP1	DRAG1	DA-SCCP1	
14	56	09.03.2008	11:00	BABH2	SGWE4	DA-BABH1	
