1	3	16.09.2007	11:00	BABH1	DRAG1	DA-BABH1	
2	5	30.09.2007	11:00	DRAG1	TREB1	DA-DRAG1	
2	8	29.09.2007	12:00	SGWE4	BABH1	DA-SGWE1	
3	10	27.10.2007	10:30	TREB1	SGWE4	DA-TREB1	
3	12	27.10.2007	13:00	SVDA1	DRAG1	DA-SVDA1	
4	15	03.11.2007	13:30	BABH1	TREB1	DA-BABH1	
4	16	04.11.2007	14:00	SGWE4	SVDA1	DA-SGWE1	
5	20	10.11.2007	13:00	SVDA1	BABH1	DA-SVDA1	
6	22	17.11.2007	11:00	TREB1	SVDA1	DA-TREB2	
7	25	25.11.2007	13:00	DRAG1	SGWE4	DA-DRAG1	
8	31	08.12.2007	15:00	DRAG1	BABH1	DA-DRAG1	
9	33	15.12.2007	13:00	TREB1	DRAG1	DA-TREB2	
9	36	16.12.2007	12:00	BABH1	SGWE4	DA-BABH1	
10	38	20.01.2008	10:00	SGWE4	TREB1	DA-SGWE1	
10	40	19.01.2008	13:00	DRAG1	SVDA1	DA-DRAG1	
11	43	26.01.2008	10:30	TREB1	BABH1	DA-TREB1	
11	44	26.01.2008	13:00	SVDA1	SGWE4	DA-SVDA1	
12	48	10.02.2008	13:00	BABH1	SVDA1	DA-BABH1	
13	50	16.02.2008	13:00	SVDA1	TREB1	DA-SVDA1	
14	53	23.02.2008	12:00	SGWE4	DRAG1	DA-SGWE1	
