1	1	23.09.2007	10:00	SKGR2	TGRS1	DA-SKGR1	
1	2	23.09.2007	15:00	WAST1	BERG1	DA-WAST1	
1	4	22.09.2007	14:00	ZEIL1	GEIS1	DA-ZEIL1	
2	6	29.09.2007	14:00	BERG1	ZEIL1	DA-BERG2	
2	7	29.09.2007	13:00	GEIS1	SKGR2	DA-GEIS1	
3	10	28.10.2007	17:00	WAST1	TGRS1	DA-WAST1	
3	11	27.10.2007	13:00	GEIS1	BERG1	DA-GEIS1	
4	14	03.11.2007	14:00	BERG1	SKGR2	DA-BERG1	
4	16	04.11.2007	11:00	TGRS1	ZEIL1	DA-TGRS1	
5	17	11.11.2007	09:30	SKGR2	WAST1	DA-SKGR1	
5	19	10.11.2007	11:00	GEIS1	TGRS1	DA-GEIS1	
6	22	17.11.2007	15:00	WAST1	ZEIL1	DA-WAST1	
6	24	18.11.2007	11:00	TGRS1	BERG1	DA-TGRS1	
7	27	25.11.2007	13:00	GEIS1	WAST1	DA-GEIS1	
7	28	24.11.2007	14:00	ZEIL1	SKGR2	DA-ZEIL1	
8	29	09.12.2007	11:00	TGRS1	SKGR2	DA-TGRS1	
8	30	08.12.2007	14:00	BERG1	WAST1	DA-BERG2	
8	32	08.12.2007	11:00	GEIS1	ZEIL1	DA-GEIS1	
9	34	15.12.2007	14:00	ZEIL1	BERG1	DA-ZEIL1	
9	35	15.12.2007	10:00	SKGR2	GEIS1	DA-SKGR2	
10	38	20.01.2008	09:30	TGRS1	WAST1	DA-TGRS1	
10	39	19.01.2008	14:00	BERG1	GEIS1	DA-BERG2	
11	42	26.01.2008	10:00	SKGR2	BERG1	DA-SKGR1	
11	44	26.01.2008	14:00	ZEIL1	TGRS1	DA-ZEIL1	
12	45	10.02.2008	14:00	WAST1	SKGR2	DA-WAST1	
12	47	10.02.2008	11:00	TGRS1	GEIS1	DA-TGRS1	
13	50	16.02.2008	14:00	ZEIL1	WAST1	DA-ZEIL1	
13	52	17.02.2008	09:30	BERG1	TGRS1	DA-BERG1	
14	55	24.02.2008	17:00	WAST1	GEIS1	DA-WAST1	
14	56	23.02.2008	12:00	SKGR2	ZEIL1	DA-SKGR2	
