1	4	23.09.2007	11:30	HOCH1	GEIS1	DA-HOCH1	
2	5	29.09.2007	15:00	SVDA1	DIEB1	DA-SVDA1	
2	7	29.09.2007	15:00	GEIS1	SKGR1	DA-GEIS1	
3	12	28.10.2007	13:30	HOCH1	SVDA1	DA-HOCH1	
4	13	03.11.2007	15:00	SVDA1	GEIS1	DA-SVDA1	
5	17	11.11.2007	11:30	SKGR1	DIEB1	DA-SKGR1	
6	21	01.12.2007	14:00	SKGR1	SVDA1	DA-SKGR2	
6	22	17.11.2007	14:00	DIEB1	HOCH1	DA-DIEB1	
7	27	24.11.2007	13:00	GEIS1	DIEB1	DA-GEIS1	
7	28	25.11.2007	13:30	HOCH1	SKGR1	DA-HOCH1	
8	32	08.12.2007	13:00	GEIS1	HOCH1	DA-GEIS1	
9	33	15.12.2007	11:00	DIEB1	SVDA1	DA-DIEB1	
9	35	15.12.2007	12:00	SKGR1	GEIS1	DA-SKGR2	
10	40	19.01.2008	15:00	SVDA1	HOCH1	DA-SVDA1	
11	41	27.01.2008	17:00	GEIS1	SVDA1	DA-GEIS1	
12	45	09.02.2008	15:00	DIEB1	SKGR1	DA-DIEB3	
13	49	16.02.2008	15:00	SVDA1	SKGR1	DA-SVDA1	
13	50	27.01.2008	12:00	HOCH1	DIEB1	DA-HOCH1	
14	55	24.02.2008	14:00	DIEB1	GEIS1	DA-DIEB3	
14	56	24.02.2008	14:00	SKGR1	HOCH1	DA-SKGR1	
