1	2	22.09.2007	14:00	BERG1	TVHP1	DA-BERG1	
2	6	29.09.2007	16:00	TVHP1	DIEB1	DA-TVHP1	
3	9	28.10.2007	15:00	BABH1	EBER1	DA-BABH1	
4	14	10.11.2007	18:00	TVHP1	BABH1	DA-TVHP1	
4	15	04.11.2007	12:00	EBER1	BERG1	DA-EBER1	
5	17	11.11.2007	15:00	BABH1	BERG1	DA-BABH1	
5	20	11.11.2007	16:00	DIEB1	EBER1	DA-DIEB1	
6	22	18.11.2007	14:00	BERG1	DIEB1	DA-BERG2	
7	26	24.11.2007	16:00	TVHP1	EBER1	DA-TVHP1	
7	28	25.11.2007	10:00	DIEB1	BABH1	DA-DIEB1	
8	30	08.12.2007	16:00	TVHP1	BERG1	DA-TVHP1	
9	34	15.12.2007	13:00	DIEB1	TVHP1	DA-DIEB1	
10	37	20.01.2008	12:00	EBER1	BABH1	DA-EBER1	
11	42	27.01.2008	15:00	BABH1	TVHP1	DA-BABH1	
11	43	27.01.2008	14:00	BERG1	EBER1	DA-BERG2	
12	45	10.02.2008	14:00	BERG1	BABH1	DA-BERG2	
12	48	10.02.2008	12:00	EBER1	DIEB1	DA-EBER1	
13	50	16.02.2008	10:00	DIEB1	BERG1	DA-DIEB3	
14	54	24.02.2008	12:00	EBER1	TVHP1	DA-EBER1	
14	56	24.02.2008	13:00	BABH1	DIEB1	DA-BABH1	
