1	1	22.09.2007	18:00	BCWI1	TGRS1	DA-BCWI1	
1	4	22.09.2007	10:00	ZEIL1	WAST1	DA-ZEIL1	
2	7	30.09.2007	15:00	WAST1	BCWI1	DA-WAST1	
2	8	30.09.2007	10:00	TGRS1	GRUM1	DA-TGRS1	
3	9	27.10.2007	14:00	BCWI1	GRUM1	DA-BCWI1	
3	10	27.10.2007	16:00	BERG1	TGRS1	DA-BERG1	
4	15	04.11.2007	14:00	GRUM1	BERG1	DA-GRUM1	
4	16	04.11.2007	15:00	TGRS1	ZEIL1	DA-TGRS1	
5	17	11.11.2007	14:00	BCWI1	BERG1	DA-BCWI1	
5	19	21.10.2007	17:00	WAST1	TGRS1	DA-WAST1	
5	20	10.11.2007	10:00	ZEIL1	GRUM1	DA-ZEIL1	
6	22	18.11.2007	16:00	BERG1	ZEIL1	DA-BERG2	
6	23	18.11.2007	17:00	GRUM1	WAST1	DA-GRUM1	
7	27	25.11.2007	16:00	WAST1	BERG1	DA-WAST1	
7	28	24.11.2007	10:00	ZEIL1	BCWI1	DA-ZEIL1	
8	29	09.12.2007	13:00	TGRS1	BCWI1	DA-TGRS1	
8	32	09.12.2007	15:00	WAST1	ZEIL1	DA-WAST1	
9	35	15.12.2007	14:00	BCWI1	WAST1	DA-BCWI1	
9	36	16.12.2007	17:00	GRUM1	TGRS1	DA-GRUM1	
10	37	20.01.2008	15:00	GRUM1	BCWI1	DA-GRUM1	
10	38	20.01.2008	11:15	TGRS1	BERG1	DA-TGRS1	
11	43	27.01.2008	16:00	BERG1	GRUM1	DA-BERG2	
11	44	26.01.2008	10:00	ZEIL1	TGRS1	DA-ZEIL1	
12	45	10.02.2008	18:00	BERG1	BCWI1	DA-BERG2	
12	47	10.02.2008	13:00	TGRS1	WAST1	DA-TGRS1	
12	48	03.02.2008	14:00	GRUM1	ZEIL1	DA-GRUM1	
13	50	16.02.2008	10:00	ZEIL1	BERG1	DA-ZEIL1	
13	51	17.02.2008	17:00	WAST1	GRUM1	DA-WAST1	
14	55	23.02.2008	16:00	BERG1	WAST1	DA-BERG2	
14	56	24.02.2008	12:00	BCWI1	ZEIL1	DA-BCWI1	
