1	3	22.09.2007	15:00	GEIS1	DRAG1	DA-GEIS1	
2	5	30.09.2007	13:00	DRAG1	TVGG1	DA-DRAG1	
4	13	04.11.2007	17:00	DRAG1	BCDA1	DA-DRAG1	
4	15	04.11.2007	15:00	GEIS1	TVGG1	DA-GEIS1	
6	23	17.11.2007	15:00	GEIS1	BCDA1	DA-GEIS1	
7	27	25.11.2007	14:00	BCDA1	TVGG1	DA-BCDA1	
8	31	09.12.2007	13:00	DRAG1	GEIS1	DA-DRAG1	
9	33	15.12.2007	12:00	TVGG1	DRAG1	DA-TVGG1	
11	41	27.01.2008	10:00	BCDA1	DRAG1	DA-BCDA1	
11	43	26.01.2008	12:00	TVGG1	GEIS1	DA-TVGG1	
13	51	17.02.2008	16:00	BCDA1	GEIS1	DA-BCDA1	
14	55	23.02.2008	12:00	TVGG1	BCDA1	DA-TVGG1	
