1	1	22.09.2007	16:00	SKGR1	BCWI1	DA-SKGR2	
1	2	22.09.2007	10:30	DRHN1	TVHP1	DA-DRHN1	
1	4	23.09.2007	15:00	BENS1	BCDA1	DA-BENS2	
2	6	29.09.2007	18:00	TVHP1	BENS1	DA-TVHP1	
2	7	30.09.2007	14:00	BCDA1	SKGR1	DA-BCDA1	
3	10	29.09.2207	10:00	DRHN1	BCWI1	DA-DRHN1	
3	11	28.10.2007	16:00	BCDA1	TVHP1	DA-BCDA1	
4	14	10.11.2007	20:00	TVHP1	SKGR1	DA-TVHP1	
4	16	03.11.2007	12:00	BCWI1	BENS1	DA-BCWI1	
5	17	10.11.2007	18:00	SKGR1	DRHN1	DA-SKGR2	
5	19	10.11.2007	17:00	BCDA1	BCWI1	DA-BCDA1	
6	22	18.11.2007	10:00	DRHN1	BENS1	DA-DRHN1	
6	24	17.11.2007	10:00	BCWI1	TVHP1	DA-BCWI1	
7	27	25.11.2007	16:00	BCDA1	DRHN1	DA-BCDA1	
7	28	24.11.2007	18:00	BENS1	SKGR1	DA-BENS1	
8	29	08.12.2007	12:00	BCWI1	SKGR1	DA-BCWI1	
8	30	08.12.2007	20:00	TVHP1	DRHN1	DA-TVHP1	
8	32	09.12.2007	16:00	BCDA1	BENS1	DA-BCDA1	
9	34	16.12.2007	18:00	BENS1	TVHP1	DA-BENS2	
9	35	16.12.2007	14:00	SKGR1	BCDA1	DA-SKGR1	
10	38	19.01.2008	10:00	BCWI1	DRHN1	DA-BCWI1	
10	39	19.01.2008	18:00	TVHP1	BCDA1	DA-TVHP1	
11	42	27.01.2008	12:00	SKGR1	TVHP1	DA-SKGR2	
11	44	27.01.2008	20:00	BENS1	BCWI1	DA-BENS2	
12	45	10.02.2008	16:00	DRHN1	SKGR1	DA-DRHN1	
12	47	10.02.2008	12:00	BCWI1	BCDA1	DA-BCWI1	
13	50	16.02.2008	16:00	BENS1	DRHN1	DA-BENS1	
13	52	16.02.2008	18:00	TVHP1	BCWI1	DA-TVHP1	
14	55	26.01.2008	12:00	DRHN1	BCDA1	DA-DRHN1	
14	56	23.02.2008	18:00	SKGR1	BENS1	DA-SKGR2	
