1	1	15.09.2007	15:00	KRON1	PSVF1	F-KRON1	
1	2	15.09.2007	19:45	DORT1	OURS1	F-DORT1	
1	3	15.09.2007	15:30	EOSC1	BCDA2	F-EOSC1	
1	4	16.09.2007	10:00	EFFM2	HOCH2	F-EFFM1	
2	6	23.09.2007	13:30	HOCH2	EOSC1	DA-HOCH1	
2	7	23.09.2007	14:00	BCDA2	DORT1	DA-BCDA1	
2	9	23.09.2007	16:00	GELN1	KRON1	F-GELN1	
2	10	23.09.2007	15:45	PSVF1	EFFM2	F-PSVF1	
3	11	29.09.2007	15:00	KRON1	EFFM2	F-KRON1	
3	12	29.09.2007	19:45	DORT1	HOCH2	F-DORT1	
3	13	29.09.2007	15:30	EOSC1	PSVF1	F-EOSC1	
3	14	30.09.2007	16:00	GELN1	OURS1	F-GELN1	
4	17	06.10.2007	17:00	BCDA2	GELN1	DA-BCDA1	
4	18	06.10.2007	16:00	OURS1	KRON1	F-OURS1	
4	19	07.10.2007	10:00	EFFM2	EOSC1	F-EFFM1	
4	20	07.10.2007	15:45	PSVF1	DORT1	F-PSVF1	
5	21	20.10.2007	15:00	KRON1	EOSC1	F-KRON1	
5	22	20.10.2007	20:00	DORT1	EFFM2	F-DORT1	
5	23	20.10.2007	14:00	OURS1	BCDA2	F-OURS1	
5	24	21.10.2007	16:00	GELN1	HOCH2	F-GELN1	
6	26	28.10.2007	18:00	HOCH2	OURS1	DA-HOCH1	
6	27	27.10.2007	17:00	BCDA2	KRON1	DA-BCDA1	
6	28	27.10.2007	15:30	EOSC1	DORT1	F-EOSC1	
6	30	28.10.2007	15:45	PSVF1	GELN1	F-PSVF1	
7	31	03.11.2007	15:00	KRON1	DORT1	F-KRON1	
7	32	04.11.2007	14:00	BCDA2	HOCH2	DA-BCDA1	
7	33	03.11.2007	14:00	OURS1	PSVF1	F-OURS1	
7	34	04.11.2007	16:00	GELN1	EFFM2	F-GELN1	
8	36	10.11.2007	15:00	KRON1	HOCH2	F-KRON1	
8	38	10.11.2007	15:30	EOSC1	GELN1	F-EOSC1	
8	39	11.11.2007	16:00	EFFM2	OURS1	F-EFFM1	
8	40	11.11.2007	15:45	PSVF1	BCDA2	F-PSVF1	
9	41	18.11.2007	18:00	HOCH2	PSVF1	DA-HOCH1	
9	42	18.11.2007	14:00	BCDA2	EFFM2	DA-BCDA1	
9	43	17.11.2007	14:00	OURS1	EOSC1	F-OURS1	
9	44	18.11.2007	16:00	GELN1	DORT1	F-GELN1	
10	46	02.12.2007	15:45	PSVF1	KRON1	F-PSVF1	
10	47	01.12.2007	14:00	OURS1	DORT1	F-OURS1	
10	48	02.12.2007	14:00	BCDA2	EOSC1	DA-BCDA1	
10	49	25.11.2007	20:00	HOCH2	EFFM2	DA-HOCH1	
11	51	08.12.2007	15:30	EOSC1	HOCH2	F-EOSC1	
11	52	08.12.2007	19:45	DORT1	BCDA2	F-DORT1	
11	54	08.12.2007	15:00	KRON1	GELN1	F-KRON1	
11	55	08.12.2007	19:30	EFFM2	PSVF1	F-EFFM1	
12	56	16.12.2007	10:15	EFFM2	KRON1	F-EFFM1	
12	57	16.12.2007	13:30	HOCH2	DORT1	DA-HOCH1	
12	58	16.12.2007	15:45	PSVF1	EOSC1	F-PSVF1	
12	59	15.12.2007	14:00	OURS1	GELN1	F-OURS1	
13	62	20.01.2008	16:00	GELN1	BCDA2	F-GELN1	
13	63	19.01.2008	15:00	KRON1	OURS1	F-KRON1	
13	64	19.01.2008	15:30	EOSC1	EFFM2	F-EOSC1	
13	65	19.01.2008	20:00	DORT1	PSVF1	F-DORT1	
14	66	26.01.2008	15:30	EOSC1	KRON1	F-EOSC1	
14	67	27.01.2008	10:15	EFFM2	DORT1	F-EFFM1	
14	68	26.01.2008	15:00	BCDA2	OURS1	DA-BCDA1	
14	69	27.01.2008	18:00	HOCH2	GELN1	DA-HOCH1	
15	71	16.02.2008	14:00	OURS1	HOCH2	F-OURS1	
15	72	16.02.2008	15:00	KRON1	BCDA2	F-KRON1	
15	73	09.02.2008	20:00	DORT1	EOSC1	F-DORT1	
15	75	17.02.2008	16:00	GELN1	PSVF1	F-GELN1	
16	76	23.02.2008	19:45	DORT1	KRON1	F-DORT1	
16	77	24.02.2008	18:00	HOCH2	BCDA2	DA-HOCH1	
16	78	24.02.2008	15:45	PSVF1	OURS1	F-PSVF1	
16	79	23.02.2008	19:30	EFFM2	GELN1	F-EFFM1	
17	81	09.03.2008	20:00	HOCH2	KRON1	DA-HOCH1	
17	83	09.03.2008	16:00	GELN1	EOSC1	F-GELN1	
17	84	08.03.2008	14:00	OURS1	EFFM2	F-OURS1	
17	85	09.03.2008	14:00	BCDA2	PSVF1	DA-BCDA1	
18	86	16.03.2008	15:45	PSVF1	HOCH2	F-PSVF1	
18	87	16.03.2008	18:00	EFFM2	BCDA2	F-EFFM1	
18	88	15.03.2008	15:30	EOSC1	OURS1	F-EOSC1	
18	89	15.03.2008	19:45	DORT1	GELN1	F-DORT1	
