1	1	16.09.2007	17:00	HAUS1	PSVF1	F-HAUS1	
1	2	15.09.2007	15:00	TGHU2	ZOTZ1	F-TGHU1	
1	3	16.09.2007	18:00	SGWE1	TVGG1	DA-SGWE1	
1	4	15.09.2007	18:00	SCCP1	DRHN1	DA-SCCP1	
1	5	16.09.2007	16:00	BCWI1	BCDA1	DA-BCWI1	
2	6	23.09.2007	18:00	DRHN1	SGWE1	DA-DRHN1	
2	7	22.09.2007	18:00	TVGG1	TGHU2	DA-TVGG1	
2	8	22.09.2007	19:00	ZOTZ1	BCWI1	DA-ZOTZ2	
2	9	22.09.2007	19:30	BCDA1	HAUS1	DA-BCDA1	
2	10	23.09.2007	18:15	PSVF1	SCCP1	F-PSVF1	
3	11	30.09.2007	17:00	HAUS1	SCCP1	F-HAUS1	
3	12	29.09.2007	17:45	TGHU2	DRHN1	F-TGHU1	
3	13	30.09.2007	18:00	SGWE1	PSVF1	DA-SGWE1	
3	14	29.09.2007	17:15	BCDA1	ZOTZ1	DA-BCDA1	
3	15	30.09.2007	16:00	BCWI1	TVGG1	DA-BCWI1	
4	16	07.10.2007	18:00	DRHN1	BCWI1	DA-DRHN1	
4	17	06.10.2007	18:00	TVGG1	BCDA1	DA-TVGG1	
4	18	06.10.2007	18:00	ZOTZ1	HAUS1	DA-ZOTZ1	
4	19	06.10.2007	18:00	SCCP1	SGWE1	DA-SCCP1	
4	20	07.10.2007	18:15	PSVF1	TGHU2	F-PSVF1	
5	21	21.10.2007	17:00	HAUS1	SGWE1	F-HAUS1	
5	22	20.10.2007	16:00	TGHU2	SCCP1	F-TGHU1	
5	23	21.10.2007	19:00	ZOTZ1	TVGG1	DA-ZOTZ2	
5	24	20.10.2007	19:30	BCDA1	DRHN1	DA-BCDA1	
5	25	21.10.2007	16:00	BCWI1	PSVF1	DA-BCWI1	
6	26	28.10.2007	18:00	DRHN1	ZOTZ1	DA-DRHN1	
6	27	27.10.2007	18:00	TVGG1	HAUS1	DA-TVGG1	
6	28	28.10.2007	18:00	SGWE1	TGHU2	DA-SGWE1	
6	29	27.10.2007	20:00	SCCP1	BCWI1	DA-SCCP1	
6	30	28.10.2007	18:15	PSVF1	BCDA1	F-PSVF1	
7	31	04.11.2007	17:00	HAUS1	TGHU2	F-HAUS1	
7	32	03.11.2007	18:00	TVGG1	DRHN1	DA-TVGG1	
7	33	04.11.2007	17:00	ZOTZ1	PSVF1	DA-ZOTZ2	
7	34	03.11.2007	19:30	BCDA1	SCCP1	DA-BCDA1	
7	35	04.11.2007	16:00	BCWI1	SGWE1	DA-BCWI1	
8	36	11.11.2007	17:00	HAUS1	DRHN1	F-HAUS1	
8	37	10.11.2007	17:45	TGHU2	BCWI1	F-TGHU1	
8	38	11.11.2007	18:00	SGWE1	BCDA1	DA-SGWE1	
8	39	10.11.2007	18:00	SCCP1	ZOTZ1	DA-SCCP1	
8	40	11.11.2007	18:15	PSVF1	TVGG1	F-PSVF1	
9	41	18.11.2007	18:00	DRHN1	PSVF1	DA-DRHN1	
9	42	17.11.2007	18:00	TVGG1	SCCP1	DA-TVGG1	
9	43	18.11.2007	17:00	ZOTZ1	SGWE1	DA-ZOTZ1	
9	44	17.11.2007	19:30	BCDA1	TGHU2	DA-BCDA1	
9	45	18.11.2007	16:00	BCWI1	HAUS1	DA-BCWI1	
10	46	02.12.2007	18:15	PSVF1	HAUS1	F-PSVF1	
10	47	25.11.2007	19:00	ZOTZ1	TGHU2	DA-ZOTZ1	
10	48	01.12.2007	18:00	TVGG1	SGWE1	DA-TVGG1	
10	49	02.12.2007	18:00	DRHN1	SCCP1	DA-DRHN1	
10	50	01.12.2007	19:30	BCDA1	BCWI1	DA-BCDA1	
11	51	09.12.2007	18:00	SGWE1	DRHN1	DA-SGWE1	
11	52	08.12.2007	17:45	TGHU2	TVGG1	F-TGHU1	
11	53	09.12.2007	16:00	BCWI1	ZOTZ1	DA-BCWI1	
11	54	09.12.2007	17:00	HAUS1	BCDA1	F-HAUS1	
11	55	08.12.2007	20:00	SCCP1	PSVF1	DA-SCCP1	
12	56	15.12.2007	18:00	SCCP1	HAUS1	DA-SCCP1	
12	57	16.12.2007	18:00	DRHN1	TGHU2	DA-DRHN1	
12	58	16.12.2007	18:15	PSVF1	SGWE1	F-PSVF1	
12	59	16.12.2007	17:00	ZOTZ1	BCDA1	DA-ZOTZ2	
12	60	15.12.2007	18:00	TVGG1	BCWI1	DA-TVGG1	
13	61	20.01.2008	16:00	BCWI1	DRHN1	DA-BCWI1	
13	62	19.01.2008	19:30	BCDA1	TVGG1	DA-BCDA1	
13	63	20.01.2008	17:00	HAUS1	ZOTZ1	F-HAUS1	
13	64	20.01.2008	18:00	SGWE1	SCCP1	DA-SGWE1	
13	65	19.01.2008	20:00	TGHU2	PSVF1	F-TGHU1	
14	66	27.01.2008	18:00	SGWE1	HAUS1	DA-SGWE1	
14	67	26.01.2008	18:00	SCCP1	TGHU2	DA-SCCP1	
14	68	26.01.2008	18:00	TVGG1	ZOTZ1	DA-TVGG1	
14	69	27.01.2008	18:00	DRHN1	BCDA1	DA-DRHN1	
14	70	27.01.2008	18:15	PSVF1	BCWI1	F-PSVF1	
15	71	17.02.2008	19:00	ZOTZ1	DRHN1	DA-ZOTZ1	
15	72	17.02.2008	17:00	HAUS1	TVGG1	F-HAUS1	
15	73	16.02.2008	17:45	TGHU2	SGWE1	F-TGHU1	
15	74	17.02.2008	16:00	BCWI1	SCCP1	DA-BCWI1	
15	75	16.02.2008	19:30	BCDA1	PSVF1	DA-BCDA1	
16	76	23.02.2008	20:00	TGHU2	HAUS1	F-TGHU1	
16	77	24.02.2008	18:00	DRHN1	TVGG1	DA-DRHN1	
16	78	24.02.2008	18:15	PSVF1	ZOTZ1	F-PSVF1	
16	79	23.02.2008	18:00	SCCP1	BCDA1	DA-SCCP1	
16	80	24.02.2008	18:00	SGWE1	BCWI1	DA-SGWE1	
17	81	09.03.2008	18:00	DRHN1	HAUS1	DA-DRHN1	
17	82	09.03.2008	16:00	BCWI1	TGHU2	DA-BCWI1	
17	83	08.03.2008	19:30	BCDA1	SGWE1	DA-BCDA1	
17	84	09.03.2008	17:00	ZOTZ1	SCCP1	DA-ZOTZ1	
17	85	08.03.2008	18:00	TVGG1	PSVF1	DA-TVGG1	
18	86	16.03.2008	18:15	PSVF1	DRHN1	F-PSVF1	
18	87	15.03.2008	20:00	SCCP1	TVGG1	DA-SCCP1	
18	88	02.03.2008	18:00	SGWE1	ZOTZ1	DA-SGWE1	
18	89	15.03.2008	20:00	TGHU2	BCDA1	F-TGHU1	
18	90	16.03.2008	17:00	HAUS1	BCWI1	F-HAUS1	
