1	1	07.10.2007	13:30	TVLA1	EFFM1	DA-TVLA1	
1	3	07.10.2007	12:30	KRON1	TROS1	F-KRON1	
1	4	07.10.2007	14:00	SKGR1	JUNI1	DA-SKGR1	
2	6	14.10.2007	14:00	BBLZ1	SKGR1	GI-BBLZ1	
2	8	14.10.2007	12:30	EFFM1	KRON1	F-EFFM1	
3	9	21.10.2007	13:30	TVLA1	KRON1	DA-TVLA1	
3	12	21.10.2007	14:00	SKGR1	TROS1	DA-SKGR1	
4	14	04.11.2007	13:00	BBLZ1	TVLA1	GI-BBLZ1	
4	15	04.11.2007	12:30	KRON1	HEXE1	F-KRON1	
4	16	04.11.2007	12:30	EFFM1	SKGR1	F-EFFM1	
5	17	11.11.2007	13:30	TVLA1	HEXE1	DA-TVLA1	
5	18	11.11.2007	13:00	BBLZ1	TROS1	GI-BBLZ1	
5	20	11.11.2007	14:00	SKGR1	KRON1	DA-SKGR1	
6	21	18.11.2007	13:30	TVLA1	TROS1	DA-TVLA1	
6	23	18.11.2007	12:30	KRON1	JUNI1	F-KRON1	
6	24	18.11.2007	12:30	EFFM1	BBLZ1	F-EFFM1	
7	26	25.11.2007	13:00	BBLZ1	KRON1	GI-BBLZ1	
7	28	25.11.2007	14:00	SKGR1	TVLA1	DA-SKGR1	
8	29	02.12.2007	12:30	EFFM1	TVLA1	F-EFFM1	
8	30	02.12.2007	13:00	BBLZ1	HEXE1	GI-BBLZ1	
9	34	09.12.2007	14:00	SKGR1	BBLZ1	DA-SKGR1	
9	35	09.12.2007	15:00	TVLA1	JUNI1	DA-TVLA1	
9	36	09.12.2007	12:30	KRON1	EFFM1	F-KRON1	
10	37	16.12.2007	12:30	KRON1	TVLA1	F-KRON1	
10	38	16.12.2007	13:00	EFFM1	HEXE1	F-EFFM1	
10	39	16.12.2007	13:00	BBLZ1	JUNI1	GI-BBLZ1	
11	42	13.01.2008	13:30	TVLA1	BBLZ1	DA-TVLA1	
11	44	13.01.2008	14:00	SKGR1	EFFM1	DA-SKGR1	
12	47	27.01.2008	13:00	EFFM1	JUNI1	F-EFFM1	
12	48	27.01.2008	12:30	KRON1	SKGR1	F-KRON1	
13	50	10.02.2008	14:00	SKGR1	HEXE1	DA-SKGR1	
13	52	09.02.2008	16:30	BBLZ1	EFFM1	GI-BBLZ1	
14	53	17.02.2008	13:00	EFFM1	TROS1	F-EFFM1	
14	54	17.02.2008	12:30	KRON1	BBLZ1	F-KRON1	
14	56	17.02.2008	13:00	TVLA1	SKGR1	DA-TVLA1	
