1	1	15.09.2007	17:00	KRON2	REIS1	F-KRON1	
1	2	16.09.2007	15:30	BERG1	SKGR1	DA-BERG1	
1	3	15.09.2007	17:45	EOSC1	MTVG2	F-EOSC1	
1	4	16.09.2007	13:00	ACTK1	TVLA3	KS-ACTK2	
1	5	16.09.2007	18:00	VFBG2	ABKK1	GI-VFBG1	
2	6	23.09.2007	16:00	TVLA3	EOSC1	DA-TVLA1	
2	7	22.09.2007	18:00	MTVG2	BERG1	GI-MTVG1	
2	8	23.09.2007	18:00	SKGR1	VFBG2	DA-SKGR1	
2	9	22.09.2007	19:15	ABKK1	KRON2	F-ABKK1	
2	10	23.09.2007	17:00	REIS1	ACTK1	GI-REIS1	
3	11	29.09.2007	17:00	KRON2	ACTK1	F-KRON1	
3	12	30.09.2007	15:30	BERG1	TVLA3	DA-BERG1	
3	13	29.09.2007	17:45	EOSC1	REIS1	F-EOSC1	
3	14	29.09.2007	19:15	ABKK1	SKGR1	F-ABKK1	
3	15	30.09.2007	18:00	VFBG2	MTVG2	GI-VFBG1	
4	16	06.10.2007	16:30	TVLA3	VFBG2	DA-TVLA1	
4	17	06.10.2007	18:00	MTVG2	ABKK1	GI-MTVG1	
4	18	07.10.2007	18:00	SKGR1	KRON2	DA-SKGR1	
4	19	07.10.2007	14:00	ACTK1	EOSC1	KS-ACTK2	
4	20	07.10.2007	16:00	REIS1	BERG1	GI-REIS1	
5	21	20.10.2007	17:00	KRON2	EOSC1	F-KRON1	
5	22	21.10.2007	15:30	BERG1	ACTK1	DA-BERG1	
5	23	20.10.2007	18:00	SKGR1	MTVG2	DA-SKGR1	
5	24	20.10.2007	19:15	ABKK1	TVLA3	F-ABKK1	
5	25	21.10.2007	18:00	VFBG2	REIS1	GI-VFBG1	
6	26	28.10.2007	16:00	TVLA3	SKGR1	DA-TVLA1	
6	27	27.10.2007	18:00	MTVG2	KRON2	GI-MTVG1	
6	28	27.10.2007	17:45	EOSC1	BERG1	F-EOSC1	
6	29	28.10.2007	14:00	ACTK1	VFBG2	KS-ACTK2	
6	30	28.10.2007	16:00	REIS1	ABKK1	GI-REIS1	
7	31	03.11.2007	17:00	KRON2	BERG1	F-KRON1	
7	32	03.11.2007	18:00	MTVG2	TVLA3	GI-MTVG1	
7	33	04.11.2007	18:00	SKGR1	REIS1	DA-SKGR1	
7	34	03.11.2007	19:15	ABKK1	ACTK1	F-ABKK1	
7	35	04.11.2007	18:00	VFBG2	EOSC1	GI-VFBG1	
8	36	10.11.2007	17:00	KRON2	TVLA3	F-KRON1	
8	37	11.11.2007	15:30	BERG1	VFBG2	DA-BERG1	
8	38	10.11.2007	17:45	EOSC1	ABKK1	F-EOSC1	
8	39	11.11.2007	13:00	ACTK1	SKGR1	KS-ACTK2	
8	40	11.11.2007	16:00	REIS1	MTVG2	GI-REIS1	
9	41	18.11.2007	11:00	TVLA3	REIS1	DA-TVLA1	
9	42	17.11.2007	18:00	MTVG2	ACTK1	GI-MTVG1	
9	43	18.11.2007	18:00	SKGR1	EOSC1	DA-SKGR1	
9	44	17.11.2007	19:15	ABKK1	BERG1	F-ABKK1	
9	45	18.11.2007	15:00	VFBG2	KRON2	GI-VFBG1	
10	46	02.12.2007	16:00	REIS1	KRON2	GI-REIS1	
10	47	02.12.2007	18:00	SKGR1	BERG1	DA-SKGR1	
10	48	01.12.2007	18:00	MTVG2	EOSC1	GI-MTVG1	
10	49	02.12.2007	13:30	TVLA3	ACTK1	DA-TVLA1	
10	50	01.12.2007	19:15	ABKK1	VFBG2	F-ABKK1	
11	51	08.12.2007	17:45	EOSC1	TVLA3	F-EOSC1	
11	52	09.12.2007	15:30	BERG1	MTVG2	DA-BERG1	
11	53	09.12.2007	18:00	VFBG2	SKGR1	GI-VFBG1	
11	54	08.12.2007	17:00	KRON2	ABKK1	F-KRON1	
11	55	09.12.2007	14:00	ACTK1	REIS1	KS-ACTK2	
12	56	16.12.2007	14:00	ACTK1	KRON2	KS-ACTK2	
12	57	16.12.2007	16:00	TVLA3	BERG1	DA-TVLA1	
12	58	16.12.2007	16:00	REIS1	EOSC1	GI-REIS1	
12	59	16.12.2007	18:00	SKGR1	ABKK1	DA-SKGR1	
12	60	15.12.2007	18:00	MTVG2	VFBG2	GI-MTVG1	
13	61	20.01.2008	15:00	VFBG2	TVLA3	GI-VFBG1	
13	62	19.01.2008	19:15	ABKK1	MTVG2	F-ABKK1	
13	63	19.01.2008	17:00	KRON2	SKGR1	F-KRON1	
13	64	19.01.2008	17:45	EOSC1	ACTK1	F-EOSC1	
13	65	20.01.2008	15:30	BERG1	REIS1	DA-BERG1	
14	66	26.01.2008	17:45	EOSC1	KRON2	F-EOSC1	
14	67	27.01.2008	14:00	ACTK1	BERG1	KS-ACTK2	
14	68	26.01.2008	18:00	MTVG2	SKGR1	GI-MTVG1	
14	69	27.01.2008	13:30	TVLA3	ABKK1	DA-TVLA1	
14	70	27.01.2008	16:00	REIS1	VFBG2	GI-REIS1	
15	71	16.02.2008	18:00	SKGR1	TVLA3	DA-SKGR1	
15	72	16.02.2008	17:00	KRON2	MTVG2	F-KRON1	
15	73	17.02.2008	15:30	BERG1	EOSC1	DA-BERG1	
15	74	17.02.2008	18:00	VFBG2	ACTK1	GI-VFBG1	
15	75	16.02.2008	19:15	ABKK1	REIS1	F-ABKK1	
16	76	24.02.2008	15:30	BERG1	KRON2	DA-BERG1	
16	77	24.02.2008	16:00	TVLA3	MTVG2	DA-TVLA1	
16	78	24.02.2008	16:00	REIS1	SKGR1	GI-REIS1	
16	79	24.02.2008	14:00	ACTK1	ABKK1	KS-ACTK2	
16	80	23.02.2008	18:00	EOSC1	VFBG2	F-EOSC1	
17	81	09.03.2008	16:00	TVLA3	KRON2	DA-TVLA1	
17	82	09.03.2008	15:00	VFBG2	BERG1	GI-VFBG1	
17	83	08.03.2008	19:15	ABKK1	EOSC1	F-ABKK1	
17	84	09.03.2008	18:00	SKGR1	ACTK1	DA-SKGR1	
17	85	08.03.2008	18:00	MTVG2	REIS1	GI-MTVG1	
18	86	16.03.2008	16:00	REIS1	TVLA3	GI-REIS1	
18	87	16.03.2008	14:00	ACTK1	MTVG2	KS-ACTK2	
18	88	15.03.2008	17:45	EOSC1	SKGR1	F-EOSC1	
18	89	16.03.2008	15:30	BERG1	ABKK1	DA-BERG1	
18	90	15.03.2008	17:00	KRON2	VFBG2	F-KRON1	
