1	1	09.09.2007	18:00	BBLZ1	KROF1	GI-BBLZ3	
1	2	08.09.2007	16:00	ACTK1	OURS1	KS-ACTK2	
1	3	08.09.2007	15:00	BCDA1	MTVG1	DA-BCDA1	
1	4	09.09.2007	14:00	FTGF1	SGWM1	F-FTGF1	
1	5	09.09.2007	18:00	EFFM1	PSVF1	F-EFFM1	
2	6	15.09.2007		SGWM1	BCDA1	KS-SGWM1	
2	7	16.09.2007	18:00	MTVG1	ACTK1	GI-MTVG1	
2	8	16.09.2007	17:00	OURS1	EFFM1	F-OURS1	
2	9	06.10.2007	17:15	PSVF1	BBLZ1	F-PSVF2	
2	10	15.09.2007	18:00	KROF1	FTGF1	GI-KROF2	
3	11	23.09.2007	00:00	BBLZ1	FTGF1	GI-BBLZ	
3	12	22.09.2007	16:00	ACTK1	SGWM1	KS-ACTK2	
3	13	22.09.2007	15:00	BCDA1	KROF1	DA-BCDA1	
3	14	22.09.2007	17:15	PSVF1	OURS1	F-PSVF2	
3	15	23.09.2007	16:00	EFFM1	MTVG1	F-EFFM1	
4	16	29.09.2007		SGWM1	EFFM1	KS-SGWM1	
4	17	30.09.2007	18:00	MTVG1	PSVF1	GI-MTVG1	
4	18	30.09.2007	17:00	OURS1	BBLZ1	F-OURS1	
4	19	30.09.2007	18:30	FTGF1	BCDA1	F-FTGF2	
4	20	29.09.2007	20:00	KROF1	ACTK1	GI-KROF1	
5	21	28.10.2007	18:00	BBLZ1	BCDA1	GI-BBLZ3	
5	22	28.10.2007	18:00	ACTK1	FTGF1	KS-ACTK1	
5	23	28.10.2007	17:00	OURS1	MTVG1	F-OURS1	
5	24	27.10.2007	17:15	PSVF1	SGWM1	F-PSVF2	
5	25	28.10.2007	10:00	EFFM1	KROF1	F-EFFM1	
6	26	03.11.2007		SGWM1	OURS1	KS-SGWM1	
6	27	04.11.2007	18:00	MTVG1	BBLZ1	GI-MTVG1	
6	28	04.11.2007	16:00	BCDA1	ACTK1	DA-BCDA1	
6	29	04.11.2007	11:00	FTGF1	EFFM1	F-FTGF2	
6	30	04.11.2007	18:00	KROF1	PSVF1	GI-KROF1	
7	31	11.11.2007	18:00	BBLZ1	ACTK1	GI-BBLZ3	
7	32	11.11.2007	18:00	MTVG1	SGWM1	GI-MTVG1	
7	33	11.11.2007	17:00	OURS1	KROF1	F-OURS1	
7	34	10.11.2007	17:15	PSVF1	FTGF1	F-PSVF2	
7	35	10.11.2007	15:15	EFFM1	BCDA1	F-EFFM1	
8	36	17.11.2007	18:00	BBLZ1	SGWM1	GI-BBLZ3	
8	37	18.11.2007	16:00	ACTK1	EFFM1	KS-ACTK2	
8	38	18.11.2007	16:00	BCDA1	PSVF1	DA-BCDA1	
8	39	17.11.2007	18:30	FTGF1	OURS1	F-FTGF2	
8	40	18.11.2007	18:00	KROF1	MTVG1	GI-KROF1	
9	41	24.11.2007		SGWM1	KROF1	KS-SGWM1	
9	42	25.11.2007	18:00	MTVG1	FTGF1	GI-MTVG1	
9	43	25.11.2007	17:00	OURS1	BCDA1	F-OURS1	
9	44	24.11.2007	17:15	PSVF1	ACTK1	F-PSVF2	
9	45	25.11.2007	18:00	EFFM1	BBLZ1	F-EFFM1	
10	46	01.12.2007	16:00	KROF1	BBLZ1	GI-KROF1	
10	47	02.12.2007	17:00	OURS1	ACTK1	F-OURS1	
10	48	02.12.2007	18:00	MTVG1	BCDA1	GI-MTVG1	
10	49	01.12.2007		SGWM1	FTGF1	KS-SGWM1	
10	50	01.12.2007	17:15	PSVF1	EFFM1	F-PSVF2	
11	51	08.12.2007	17:00	BCDA1	SGWM1	DA-BCDA1	
11	52	08.12.2007	16:00	ACTK1	MTVG1	KS-ACTK2	
11	53	09.12.2007	18:00	EFFM1	OURS1	F-EFFM1	
11	54	08.12.2007	00:00	BBLZ1	PSVF1	GI-BBLZ	
11	55	08.12.2007	18:30	FTGF1	KROF1	F-FTGF2	
12	56	16.12.2007	12:00	FTGF1	BBLZ1	F-FTGF1	
12	57	15.12.2007		SGWM1	ACTK1	KS-SGWM1	
12	58	15.12.2007	14:00	KROF1	BCDA1	GI-KROF1	
12	59	16.12.2007	17:00	OURS1	PSVF1	F-OURS1	
12	60	16.12.2007	18:00	MTVG1	EFFM1	GI-MTVG1	
13	61	20.01.2008	18:00	EFFM1	SGWM1	F-EFFM1	
13	62	19.01.2008	17:15	PSVF1	MTVG1	F-PSVF2	
13	63	19.01.2008	18:00	BBLZ1	OURS1	GI-BBLZ3	
13	64	20.01.2008	14:00	BCDA1	FTGF1	DA-BCDA1	
13	65	20.01.2008	14:00	ACTK1	KROF1	KS-ACTK2	
14	66	26.01.2008	17:00	BCDA1	BBLZ1	DA-BCDA1	
14	67	26.01.2008	16:00	FTGF1	ACTK1	F-FTGF2	
14	68	27.01.2008	18:00	MTVG1	OURS1	GI-MTVG1	
14	69	26.01.2008		SGWM1	PSVF1	KS-SGWM1	
14	70	26.01.2008	14:00	KROF1	EFFM1	GI-KROF1	
15	71	03.02.2008	17:00	OURS1	SGWM1	F-OURS1	
15	72	03.02.2008	18:00	BBLZ1	MTVG1	GI-BBLZ3	
15	73	02.02.2008	18:00	ACTK1	BCDA1	KS-ACTK2	
15	74	02.02.2008	17:15	EFFM1	FTGF1	F-EFFM1	
15	75	02.02.2008	17:15	PSVF1	KROF1	F-PSVF2	
16	76	09.02.2008	18:00	ACTK1	BBLZ1	KS-ACTK2	
16	77	09.02.2008		SGWM1	MTVG1	KS-SGWM1	
16	78	09.02.2008	18:00	KROF1	OURS1	GI-KROF1	
16	79	09.02.2008	18:00	FTGF1	PSVF1	F-FTGF1	
16	80	09.02.2008	17:00	BCDA1	EFFM1	DA-BCDA1	
17	81	16.02.2008		SGWM1	BBLZ1	KS-SGWM1	
17	82	16.02.2008	15:00	EFFM1	ACTK1	F-EFFM1	
17	83	16.02.2008	17:15	PSVF1	BCDA1	F-PSVF2	
17	84	17.02.2008	17:00	OURS1	FTGF1	F-OURS1	
17	85	17.02.2008	18:00	MTVG1	KROF1	GI-MTVG1	
18	86	24.02.2008	18:00	KROF1	SGWM1	GI-KROF1	
18	87	23.02.2008	18:30	FTGF1	MTVG1	F-FTGF2	
18	88	23.02.2008	17:00	BCDA1	OURS1	DA-BCDA1	
18	89	23.02.2008	20:00	ACTK1	PSVF1	KS-ACTK2	
18	90	23.02.2008	18:00	BBLZ1	EFFM1	GI-BBLZ3	
