1	1	08.09.2007	16:00	BBLZ1	EFFM1	GI-BBLZ2	
1	2	09.09.2007	17:00	DIEB1	GELN1	DA-DIEB1	
1	3	09.09.2007	16:00	BCWI1	MTVG1	DA-BCWI1	
1	4	09.09.2007	14:00	TVLA1	SGWM1	DA-TVLA1	
1	5	08.09.2007	16:00	WETZ1	KRON1	GI-WETZ1	
2	6	15.09.2007		SGWM1	BCWI1	KS-SGWM1	
2	7	16.09.2007	16:00	MTVG1	DIEB1	GI-MTVG1	
2	8	15.09.2007	18:00	GELN1	WETZ1	F-GELN1	
2	9	16.09.2007	15:00	KRON1	BBLZ1	F-KRON1	
2	10	15.09.2007	17:15	EFFM1	TVLA1	F-EFFM1	
3	11	22.09.2007	16:00	BBLZ1	TVLA1	GI-BBLZ2	
3	12	23.09.2007	16:00	DIEB1	SGWM1	DA-DIEB3	
3	13	22.09.2007	16:00	BCWI1	EFFM1	DA-BCWI1	
3	14	23.09.2007	15:00	KRON1	GELN1	F-KRON1	
3	15	22.09.2007	16:00	WETZ1	MTVG1	GI-WETZ1	
4	16	29.09.2007		SGWM1	WETZ1	KS-SGWM1	
4	17	30.09.2007	16:00	MTVG1	KRON1	GI-MTVG1	
4	18	29.09.2007	18:00	GELN1	BBLZ1	F-GELN1	
4	19	30.09.2007	13:00	TVLA1	BCWI1	DA-TVLA1	
4	20	29.09.2007	19:15	EFFM1	DIEB1	F-EFFM1	
5	21	27.10.2007	16:00	BBLZ1	BCWI1	GI-BBLZ2	
5	22	27.10.2007	16:00	DIEB1	TVLA1	DA-DIEB1	
5	23	27.10.2007	18:00	GELN1	MTVG1	F-GELN1	
5	24	28.10.2007	15:00	KRON1	SGWM1	F-KRON1	
5	25	28.10.2007	12:00	WETZ1	EFFM1	GI-WETZ1	
6	26	03.11.2007		SGWM1	GELN1	KS-SGWM1	
6	27	04.11.2007	16:00	MTVG1	BBLZ1	GI-MTVG1	
6	28	03.11.2007	16:00	BCWI1	DIEB1	DA-BCWI1	
6	29	03.11.2007	14:30	TVLA1	WETZ1	DA-TVLA1	
6	30	03.11.2007	15:15	EFFM1	KRON1	F-EFFM1	
7	31	10.11.2007	16:00	BBLZ1	DIEB1	GI-BBLZ2	
7	32	11.11.2007	16:00	MTVG1	SGWM1	GI-MTVG1	
7	33	10.11.2007	18:00	GELN1	EFFM1	F-GELN1	
7	34	11.11.2007	15:00	KRON1	TVLA1	F-KRON1	
7	35	10.11.2007	16:00	WETZ1	BCWI1	GI-WETZ1	
8	36	17.11.2007	16:00	BBLZ1	SGWM1	GI-BBLZ2	
8	37	17.11.2007	18:00	DIEB1	WETZ1	DA-DIEB1	
8	38	17.11.2007	16:00	BCWI1	KRON1	DA-BCWI1	
8	39	17.11.2007	14:30	TVLA1	GELN1	DA-TVLA1	
8	40	17.11.2007	15:15	EFFM1	MTVG1	F-EFFM1	
9	41	24.11.2007		SGWM1	EFFM1	KS-SGWM1	
9	42	25.11.2007	16:00	MTVG1	TVLA1	GI-MTVG1	
9	43	24.11.2007	18:00	GELN1	BCWI1	F-GELN1	
9	44	25.11.2007	15:00	KRON1	DIEB1	F-KRON1	
9	45	24.11.2007	16:00	WETZ1	BBLZ1	GI-WETZ1	
10	46	01.12.2007	15:00	EFFM1	BBLZ1	F-EFFM1	
10	47	01.12.2007	18:00	GELN1	DIEB1	F-GELN1	
10	48	02.12.2007	16:00	MTVG1	BCWI1	GI-MTVG1	
10	49	01.12.2007		SGWM1	TVLA1	KS-SGWM1	
10	50	02.12.2007	15:00	KRON1	WETZ1	F-KRON1	
11	51	08.12.2007	16:00	BCWI1	SGWM1	DA-BCWI1	
11	52	09.12.2007	18:00	DIEB1	MTVG1	DA-DIEB1	
11	53	08.12.2007	16:00	WETZ1	GELN1	GI-WETZ1	
11	54	08.12.2007	16:00	BBLZ1	KRON1	GI-BBLZ2	
11	55	08.12.2007	18:30	TVLA1	EFFM1	DA-TVLA1	
12	56	16.12.2007	11:30	TVLA1	BBLZ1	DA-TVLA1	
12	57	15.12.2007		SGWM1	DIEB1	KS-SGWM1	
12	58	15.12.2007	13:00	EFFM1	BCWI1	F-EFFM1	
12	59	15.12.2007	18:00	GELN1	KRON1	F-GELN1	
12	60	16.12.2007	16:00	MTVG1	WETZ1	GI-MTVG1	
13	61	19.01.2008	16:00	WETZ1	SGWM1	GI-WETZ1	
13	62	20.01.2008	15:00	KRON1	MTVG1	F-KRON1	
13	63	19.01.2008	16:00	BBLZ1	GELN1	GI-BBLZ2	
13	64	19.01.2008	16:00	BCWI1	TVLA1	DA-BCWI1	
13	65	20.01.2008	16:00	DIEB1	EFFM1	DA-DIEB1	
14	66	26.01.2008	16:00	BCWI1	BBLZ1	DA-BCWI1	
14	67	27.01.2008	11:00	TVLA1	DIEB1	DA-TVLA1	
14	68	27.01.2008	16:00	MTVG1	GELN1	GI-MTVG1	
14	69	26.01.2008		SGWM1	KRON1	KS-SGWM1	
14	70	26.01.2008	15:00	EFFM1	WETZ1	F-EFFM1	
15	71	02.02.2008	18:00	GELN1	SGWM1	F-GELN1	
15	72	02.02.2008	16:00	BBLZ1	MTVG1	GI-BBLZ2	
15	73	02.02.2008	16:00	DIEB1	BCWI1	DA-DIEB1	
15	74	02.02.2008	16:00	WETZ1	TVLA1	GI-WETZ1	
15	75	03.02.2008	15:00	KRON1	EFFM1	F-KRON1	
16	76	09.02.2008	13:00	DIEB1	BBLZ1	DA-DIEB3	
16	77	09.02.2008		SGWM1	MTVG1	KS-SGWM1	
16	78	10.02.2008	10:00	EFFM1	GELN1	F-EFFM1	
16	79	09.02.2008	18:00	TVLA1	KRON1	DA-TVLA1	
16	80	10.02.2008	18:00	BCWI1	WETZ1	DA-BCWI1	
17	81	16.02.2008		SGWM1	BBLZ1	KS-SGWM1	
17	82	16.02.2008	16:00	WETZ1	DIEB1	GI-WETZ1	
17	83	17.02.2008	15:00	KRON1	BCWI1	F-KRON1	
17	84	16.02.2008	18:00	GELN1	TVLA1	F-GELN1	
17	85	17.02.2008	16:00	MTVG1	EFFM1	GI-MTVG1	
18	86	23.02.2008	17:15	EFFM1	SGWM1	F-EFFM1	
18	87	24.02.2008	12:00	TVLA1	MTVG1	DA-TVLA1	
18	88	23.02.2008	16:00	BCWI1	GELN1	DA-BCWI1	
18	89	24.02.2008	18:00	DIEB1	KRON1	DA-DIEB3	
18	90	23.02.2008	16:00	BBLZ1	WETZ1	GI-BBLZ2	
