1	1	08.09.2007		BBLZ1	TGHU1	GI-BBLZ1	
1	2	08.09.2007	15:00	KRON1	SGWE1	F-KRON1	
1	3	09.09.2007	14:00	BCWI1	MTVG1	DA-BCWI1	
1	4	09.09.2007	12:00	EFFM1	HOFH1	F-EFFM1	
1	5	08.09.2007	14:00	WETZ1	TVHP1	GI-WETZ1	
2	6	15.09.2007	10:00	HOFH1	BCWI1	F-HOFH2	
2	7	16.09.2007	12:00	MTVG1	KRON1	GI-MTVG1	
2	8	16.09.2007	10:00	SGWE1	WETZ1	DA-SGWE1	
2	9	15.09.2007	14:00	TVHP1	BBLZ1	DA-TVHP1	
2	10	16.09.2007	12:00	TGHU1	EFFM1	F-TGHU1	
3	11	22.09.2007		BBLZ1	EFFM1	GI-BBLZ1	
3	12	22.09.2007	15:00	KRON1	HOFH1	F-KRON1	
3	13	23.09.2007	14:00	BCWI1	TGHU1	DA-BCWI1	
3	14	22.09.2007	14:00	TVHP1	SGWE1	DA-TVHP1	
3	15	22.09.2007	14:00	WETZ1	MTVG1	GI-WETZ1	
4	16	29.09.2007	10:00	HOFH1	WETZ1	F-HOFH2	
4	17	30.09.2007	12:00	MTVG1	TVHP1	GI-MTVG1	
4	18	29.09.2007	16:00	SGWE1	BBLZ1	DA-SGWE1	
4	19	30.09.2007	14:00	EFFM1	BCWI1	F-EFFM1	
4	20	29.09.2007	11:45	TGHU1	KRON1	F-TGHU1	
5	21	27.10.2007		BBLZ1	BCWI1	GI-BBLZ1	
5	22	27.10.2007	15:00	KRON1	EFFM1	F-KRON1	
5	23	28.10.2007	14:00	SGWE1	MTVG1	DA-SGWE1	
5	24	27.10.2007	14:00	TVHP1	HOFH1	DA-TVHP1	
5	25	28.10.2007	10:00	WETZ1	TGHU1	GI-WETZ1	
6	26	03.11.2007	13:00	HOFH1	SGWE1	F-HOFH1	
6	27	04.11.2007	12:00	MTVG1	BBLZ1	GI-MTVG1	
6	28	04.11.2007	14:00	BCWI1	KRON1	DA-BCWI1	
6	29	04.11.2007	14:30	EFFM1	WETZ1	F-EFFM1	
6	30	03.11.2007	14:00	TGHU1	TVHP1	F-TGHU1	
7	31	10.11.2007		BBLZ1	KRON1	GI-BBLZ1	
7	32	11.11.2007	12:00	MTVG1	HOFH1	GI-MTVG1	
7	33	11.11.2007	12:00	SGWE1	TGHU1	DA-SGWE1	
7	34	10.11.2007	14:00	TVHP1	EFFM1	DA-TVHP1	
7	35	10.11.2007	14:00	WETZ1	BCWI1	GI-WETZ1	
8	36	17.11.2007		BBLZ1	HOFH1	GI-BBLZ1	
8	37	17.11.2007	15:00	KRON1	WETZ1	F-KRON1	
8	38	18.11.2007	14:00	BCWI1	TVHP1	DA-BCWI1	
8	39	18.11.2007	14:30	EFFM1	SGWE1	F-EFFM1	
8	40	17.11.2007	09:45	TGHU1	MTVG1	F-TGHU1	
9	41	25.11.2007	15:00	HOFH1	TGHU1	F-HOFH1	
9	42	25.11.2007	12:00	MTVG1	EFFM1	GI-MTVG1	
9	43	25.11.2007	14:00	SGWE1	BCWI1	DA-SGWE1	
9	44	24.11.2007	14:00	TVHP1	KRON1	DA-TVHP1	
9	45	24.11.2007	14:00	WETZ1	BBLZ1	GI-WETZ1	
10	46	01.12.2007	12:00	TGHU1	BBLZ1	F-TGHU1	
10	47	02.12.2007	10:00	SGWE1	KRON1	DA-SGWE1	
10	48	02.12.2007	12:00	MTVG1	BCWI1	GI-MTVG1	
10	49	02.12.2007	14:00	HOFH1	EFFM1	F-HOFH1	
10	50	01.12.2007	14:00	TVHP1	WETZ1	DA-TVHP1	
11	51	09.12.2007	14:00	BCWI1	HOFH1	DA-BCWI1	
11	52	08.12.2007	12:45	KRON1	MTVG1	F-KRON1	
11	53	08.12.2007	14:00	WETZ1	SGWE1	GI-WETZ1	
11	54	08.12.2007		BBLZ1	TVHP1	GI-BBLZ1	
11	55	09.12.2007	12:00	EFFM1	TGHU1	F-EFFM1	
12	56	15.12.2007	15:00	EFFM1	BBLZ1	F-EFFM1	
12	57	15.12.2007	15:00	HOFH1	KRON1	F-HOFH1	
12	58	15.12.2007	12:00	TGHU1	BCWI1	F-TGHU1	
12	59	16.12.2007	10:00	SGWE1	TVHP1	DA-SGWE1	
12	60	16.12.2007	12:00	MTVG1	WETZ1	GI-MTVG1	
13	61	19.01.2008	14:00	WETZ1	HOFH1	GI-WETZ1	
13	62	19.01.2008	14:00	TVHP1	MTVG1	DA-TVHP1	
13	63	19.01.2008		BBLZ1	SGWE1	GI-BBLZ1	
13	64	19.01.2008	12:00	BCWI1	EFFM1	DA-BCWI1	
13	65	19.01.2008	12:45	KRON1	TGHU1	F-KRON1	
14	66	27.01.2008	14:00	BCWI1	BBLZ1	DA-BCWI1	
14	67	26.01.2008	13:00	EFFM1	KRON1	F-EFFM1	
14	68	27.01.2008	12:00	MTVG1	SGWE1	GI-MTVG1	
14	69	02.02.2008	15:00	HOFH1	TVHP1	F-HOFH1	
14	70	26.01.2008	11:45	TGHU1	WETZ1	F-TGHU1	
15	71	03.02.2008	10:00	SGWE1	HOFH1	DA-SGWE1	
15	72	02.02.2008		BBLZ1	MTVG1	GI-BBLZ1	
15	73	02.02.2008	15:00	KRON1	BCWI1	F-KRON1	
15	74	02.02.2008	14:00	WETZ1	EFFM1	GI-WETZ1	
15	75	02.02.2008	14:00	TVHP1	TGHU1	DA-TVHP1	
16	76	09.02.2008	15:00	KRON1	BBLZ1	F-KRON1	
16	77	09.02.2008	12:00	HOFH1	MTVG1	F-HOFH2	
16	78	09.02.2008	12:00	TGHU1	SGWE1	F-TGHU1	
16	79	10.02.2008	12:00	EFFM1	TVHP1	F-EFFM1	
16	80	10.02.2008	14:00	BCWI1	WETZ1	DA-BCWI1	
17	81	16.02.2008	10:00	HOFH1	BBLZ1	F-HOFH2	
17	82	16.02.2008	14:00	WETZ1	KRON1	GI-WETZ1	
17	83	16.02.2008	14:00	TVHP1	BCWI1	DA-TVHP1	
17	84	17.02.2008	10:00	SGWE1	EFFM1	DA-SGWE2	
17	85	17.02.2008	12:00	MTVG1	TGHU1	GI-MTVG1	
18	86	23.02.2008	14:00	TGHU1	HOFH1	F-TGHU1	
18	87	24.02.2008	12:00	EFFM1	MTVG1	F-EFFM1	
18	88	24.02.2008	14:00	BCWI1	SGWE1	DA-BCWI1	
18	89	23.02.2008	12:45	KRON1	TVHP1	F-KRON1	
18	90	23.02.2008		BBLZ1	WETZ1	GI-BBLZ1	
