1	1	08.09.2007	14:00	BBLZ1	TGHU1	GI-BBLZ4	
1	2	09.09.2007	14:00	EOSC1	SGWE1	F-EOSC1	
1	4	08.09.2007	16:00	SKGR1	ABKK1	DA-SKGR1	
1	5	09.09.2007	14:00	EFFM1	KRON1	F-EFFM1	
2	6	15.09.2007	17:00	ABKK1	BCWI1	F-ABKK1	
2	8	16.09.2007	12:00	SGWE1	EFFM1	DA-SGWE1	
2	9	16.09.2007	12:45	KRON1	BBLZ1	F-KRON1	
2	10	16.09.2007	14:00	TGHU1	SKGR1	F-TGHU1	
3	11	22.09.2007	14:00	BBLZ1	SKGR1	GI-BBLZ4	
3	12	23.09.2007	14:00	EOSC1	ABKK1	F-EOSC1	
3	13	22.09.2007	14:00	BCWI1	TGHU1	DA-BCWI1	
3	14	23.09.2007	12:45	KRON1	SGWE1	F-KRON1	
4	16	29.09.2007	15:00	ABKK1	EFFM1	F-ABKK1	
4	18	30.09.2007	12:00	SGWE1	BBLZ1	DA-SGWE1	
4	19	25.09.2007	19:00	SKGR1	BCWI1	DA-SKGR3	
4	20	29.09.2007	13:45	TGHU1	EOSC1	F-TGHU1	
5	21	27.10.2007	14:00	BBLZ1	BCWI1	GI-BBLZ4	
5	22	28.10.2007	14:00	EOSC1	SKGR1	F-EOSC1	
5	24	28.10.2007	12:45	KRON1	ABKK1	F-KRON1	
5	25	27.10.2007	15:00	EFFM1	TGHU1	F-EFFM1	
6	26	03.11.2007	17:00	ABKK1	SGWE1	F-ABKK1	
6	28	03.11.2007	14:00	BCWI1	EOSC1	DA-BCWI1	
6	29	03.11.2007	14:00	SKGR1	EFFM1	DA-SKGR2	
6	30	03.11.2007	12:00	TGHU1	KRON1	F-TGHU1	
7	31	10.11.2007	14:00	BBLZ1	EOSC1	GI-BBLZ4	
7	33	11.11.2007	14:00	SGWE1	TGHU1	DA-SGWE1	
7	34	11.11.2007	12:45	KRON1	SKGR1	F-KRON1	
7	35	10.11.2007	13:15	EFFM1	BCWI1	F-EFFM1	
8	36	17.11.2007	14:00	BBLZ1	ABKK1	GI-BBLZ4	
8	37	18.11.2007	14:00	EOSC1	EFFM1	F-EOSC1	
8	38	17.11.2007	14:00	BCWI1	KRON1	DA-BCWI1	
8	39	17.11.2007	16:00	SKGR1	SGWE1	DA-SKGR2	
9	41	24.11.2007	18:00	ABKK1	TGHU1	F-ABKK1	
9	43	25.11.2007	16:00	SGWE1	BCWI1	DA-SGWE1	
9	44	25.11.2007	12:45	KRON1	EOSC1	F-KRON1	
9	45	25.11.2007	10:00	EFFM1	BBLZ1	F-EFFM1	
10	46	01.12.2007	14:00	TGHU1	BBLZ1	F-TGHU1	
10	47	02.12.2007	12:00	SGWE1	EOSC1	DA-SGWE1	
10	49	01.12.2007	15:00	ABKK1	SKGR1	F-ABKK1	
10	50	02.12.2007	12:45	KRON1	EFFM1	F-KRON1	
11	51	08.12.2007	14:00	BCWI1	ABKK1	DA-BCWI1	
11	53	08.12.2007	15:15	EFFM1	SGWE1	F-EFFM1	
11	54	09.12.2007	16:00	BBLZ1	KRON1	GI-BBLZ4	
11	55	09.12.2007	11:00	SKGR1	TGHU1	DA-SKGR1	
12	56	15.12.2007	16:00	SKGR1	BBLZ1	DA-SKGR2	
12	57	15.12.2007	17:00	ABKK1	EOSC1	F-ABKK1	
12	58	15.12.2007	14:00	TGHU1	BCWI1	F-TGHU1	
12	59	16.12.2007	12:00	SGWE1	KRON1	DA-SGWE1	
13	61	19.01.2008	15:15	EFFM1	ABKK1	F-EFFM1	
13	63	20.01.2008	16:00	BBLZ1	SGWE1	GI-BBLZ4	
13	64	19.01.2008	14:00	BCWI1	SKGR1	DA-BCWI1	
13	65	20.01.2008	14:00	EOSC1	TGHU1	F-EOSC1	
14	66	26.01.2008	14:00	BCWI1	BBLZ1	DA-BCWI1	
14	67	26.01.2008	14:00	SKGR1	EOSC1	DA-SKGR1	
14	69	26.01.2008	17:00	ABKK1	KRON1	F-ABKK1	
14	70	26.01.2008	13:45	TGHU1	EFFM1	F-TGHU1	
15	71	03.02.2008	12:00	SGWE1	ABKK1	DA-SGWE1	
15	73	03.02.2008	14:00	EOSC1	BCWI1	F-EOSC1	
15	74	02.02.2008	15:15	EFFM1	SKGR1	F-EFFM1	
15	75	03.02.2008	12:45	KRON1	TGHU1	F-KRON1	
16	76	10.02.2008	14:00	EOSC1	BBLZ1	F-EOSC1	
16	78	09.02.2008	14:00	TGHU1	SGWE1	F-TGHU1	
16	79	10.02.2008	16:15	SKGR1	KRON1	DA-SKGR1	
16	80	10.02.2008	16:00	BCWI1	EFFM1	DA-BCWI1	
17	81	16.02.2008	17:00	ABKK1	BBLZ1	F-ABKK1	
17	82	16.02.2008	13:00	EFFM1	EOSC1	F-EFFM1	
17	83	17.02.2008	17:15	KRON1	BCWI1	F-KRON1	
17	84	17.02.2008	12:00	SGWE1	SKGR1	DA-SGWE2	
18	86	23.02.2008	16:00	TGHU1	ABKK1	F-TGHU1	
18	88	23.02.2008	14:00	BCWI1	SGWE1	DA-BCWI1	
18	89	24.02.2008	14:00	EOSC1	KRON1	F-EOSC1	
18	90	23.02.2008	14:00	BBLZ1	EFFM1	GI-BBLZ4	
