1	1	15.09.2007	19:00	TGHU1	HORC1	F-TGHU1	
2	7	22.09.2007	19:00	BGOR1	MEHL1	DA-BGOR1	
2	9	23.09.2007	14:00	MAKK1	BERZ1	F-MAKK1	
3	13	29.09.2007	20:15	TGHU1	TRIE1	F-TGHU1	
4	19	07.10.2007	18:00	BGOR1	BERZ1	DA-BGOR1	
4	21	07.10.2007	14:00	MAKK1	KBOL1	F-MAKK1	
4	22	06.10.2007	19:30	EFFM1	TGHU1	F-EFFM1	
5	25	13.10.2007	20:15	TGHU1	MEHL1	F-TGHU1	
5	28	13.10.2007	19:30	EFFM1	MAKK1	F-EFFM1	
6	31	21.10.2007	18:00	BGOR1	KBOL1	DA-BGOR1	
6	33	21.10.2007	14:00	MAKK1	TGHU1	F-MAKK1	
7	37	27.10.2007	20:15	TGHU1	VOLK1	F-TGHU1	
7	39	28.10.2007	14:00	MAKK1	SAAR1	F-MAKK1	
7	40	27.10.2007	19:30	EFFM1	BGOR1	F-EFFM1	
8	43	04.11.2007	18:00	BGOR1	MAKK1	DA-BGOR1	
9	49	10.11.2007	20:15	TGHU1	BERZ1	F-TGHU1	
9	51	11.11.2007	14:00	MAKK1	HORC1	F-MAKK1	
9	52	11.11.2007	18:00	EFFM1	TRIE1	F-EFFM1	
10	55	17.11.2007	20:15	TGHU1	BGOR1	F-TGHU1	
11	61	25.11.2007	18:00	BGOR1	HORC1	DA-BGOR1	
11	63	25.11.2007	14:00	MAKK1	MEHL1	F-MAKK1	
11	64	24.11.2007	19:30	EFFM1	VOLK1	F-EFFM1	
12	68	01.12.2007	19:30	EFFM1	BERZ1	F-EFFM1	
12	69	02.12.2007	14:00	MAKK1	VOLK1	F-MAKK1	
12	71	02.12.2007	18:00	BGOR1	TRIE1	DA-BGOR1	
13	77	08.12.2007	20:15	TGHU1	KBOL1	F-TGHU1	
14	81	16.12.2007	18:00	BGOR1	VOLK1	DA-BGOR1	
14	83	15.12.2007	19:30	EFFM1	KBOL1	F-EFFM1	
15	88	12.01.2008	20:15	TGHU1	EFFM1	F-TGHU1	
16	94	20.01.2008	14:00	MAKK1	EFFM1	F-MAKK1	
17	98	26.01.2008	19:30	EFFM1	SAAR1	F-EFFM1	
17	99	26.01.2008	20:15	TGHU1	MAKK1	F-TGHU1	
18	106	03.02.2008	18:00	BGOR1	EFFM1	DA-BGOR1	
19	109	17.02.2008	14:00	MAKK1	BGOR1	F-MAKK1	
19	110	16.02.2008	20:15	TGHU1	SAAR1	F-TGHU1	
19	114	16.02.2008	19:30	EFFM1	HORC1	F-EFFM1	
20	116	23.02.2008	19:00	BGOR1	SAAR1	DA-BGOR1	
21	121	08.03.2008	19:00	BGOR1	TGHU1	DA-BGOR1	
21	124	08.03.2008	19:30	EFFM1	MEHL1	F-EFFM1	
21	125	09.03.2008	14:00	MAKK1	TRIE1	F-MAKK1	
